id_device,x,y
16067,0.481133576,0.479481142
16068,0.481133576,0.479481142
16069,0.481133576,0.479481142
16070,0.493146562,0.451316068
16071,0.493146562,0.451316068
16072,0.493146562,0.451316068
16073,0.493146562,0.451316068
16074,0.493146562,0.451316068
16075,0.592526068,0.493458994
16076,0.592526068,0.493458994
16077,0.592526068,0.493458994
16078,0.513239596,0.484041144
16079,0.513239596,0.484041144
16080,0.513239596,0.484041144
16081,0.385986239,0.406184789
16082,0.385986239,0.406184789
16083,0.385986239,0.406184789
16084,0.385986239,0.406184789
16085,0.385986239,0.406184789
16086,0.660861091,0.60716602
16087,0.660861091,0.60716602
16088,0.660861091,0.60716602
16089,0.660861091,0.60716602
16090,0.660861091,0.60716602
16091,0.469832635,0.587432169
16092,0.469832635,0.587432169
16093,0.469832635,0.587432169
16094,0.469832635,0.587432169
16095,0.469832635,0.587432169
16096,0.459267556,0.427897694
16097,0.459267556,0.427897694
16098,0.459267556,0.427897694
16099,0.511104711,0.487461094
16100,0.511104711,0.487461094
16101,0.511104711,0.487461094
16102,0.668009405,0.700664599
16103,0.668009405,0.700664599
16104,0.668009405,0.700664599
16105,0.774887111,0.52964169
16106,0.774887111,0.52964169
16107,0.774887111,0.52964169
16108,0.774887111,0.52964169
16109,0.774887111,0.52964169
16110,0.409159822,0.349532009
16111,0.409159822,0.349532009
16112,0.409159822,0.349532009
16113,0.572100633,0.503046702
16114,0.572100633,0.503046702
16115,0.572100633,0.503046702
16116,0.637949235,0.419190575
16117,0.637949235,0.419190575
16118,0.637949235,0.419190575
16119,0.637949235,0.419190575
16120,0.637949235,0.419190575
16121,0.691233354,0.550162983
16122,0.691233354,0.550162983
16123,0.691233354,0.550162983
16124,0.691233354,0.550162983
16125,0.691233354,0.550162983
16126,0.602600249,0.607350665
16127,0.602600249,0.607350665
16128,0.602600249,0.607350665
16129,0.602600249,0.607350665
16130,0.602600249,0.607350665
16131,0.534442809,0.721732339
16132,0.534442809,0.721732339
16133,0.534442809,0.721732339
16134,0.388548346,0.479565036
16135,0.388548346,0.479565036
16136,0.388548346,0.479565036
16137,0.526479192,0.634531952
16138,0.526479192,0.634531952
16139,0.526479192,0.634531952
16140,0.526479192,0.634531952
16141,0.526479192,0.634531952
16142,0.511976608,0.472282402
16143,0.511976608,0.472282402
16144,0.511976608,0.472282402
16145,0.511976608,0.472282402
16146,0.511976608,0.472282402
16147,0.460336377,0.59653053
16148,0.460336377,0.59653053
16149,0.460336377,0.59653053
16150,0.843254914,0.650496378
16151,0.843254914,0.650496378
16152,0.843254914,0.650496378
16153,0.843254914,0.650496378
16154,0.843254914,0.650496378
16155,0.502592754,0.601854612
16156,0.502592754,0.601854612
16157,0.502592754,0.601854612
16158,0.52490368,0.553174309
16159,0.52490368,0.553174309
16160,0.52490368,0.553174309
16161,0.57387481,0.440135322
16162,0.420507259,0.49373043
16163,0.420507259,0.49373043
16164,0.420507259,0.49373043
16165,0.407157333,0.479100821
16166,0.407157333,0.479100821
16167,0.407157333,0.479100821
16168,0.407157333,0.479100821
16169,0.407157333,0.479100821
16170,0.484849154,0.468658936
16171,0.483773631,0.467675396
16172,0.485539388,0.471583969
16173,0.486218296,0.473214892
16174,0.486172473,0.475978415
16175,0.484356767,0.474855483
16176,0.483982618,0.467035248
16177,0.484362934,0.468280503
16178,0.484039475,0.472339381
16179,0.487165014,0.467238807
16180,0.485305196,0.472155743
16181,0.484601757,0.469559603
16182,0.48513023,0.473145578
16183,0.488209142,0.467370387
16184,0.483129104,0.467370865
16185,0.607949446,0.436953611
16186,0.60898405,0.439865705
16187,0.607328477,0.434850221
16188,0.604925318,0.438478485
16189,0.60280114,0.433470777
16190,0.602792062,0.433679175
16191,0.604918869,0.435855695
16192,0.604091918,0.436542979
16193,0.600475386,0.438677893
16194,0.605754868,0.43507146
16195,0.605024259,0.433895209
16196,0.605472037,0.437445642
16197,0.604657899,0.435948462
16198,0.604211188,0.438867565
16199,0.605812459,0.437951833
16200,0.605439359,0.438605113
16201,0.606005332,0.438972104
16202,0.602700995,0.434903204
16203,0.605049638,0.440452615
16204,0.602190384,0.434635592
16205,0.60271816,0.435879374
16206,0.609839092,0.436752216
16207,0.607744641,0.435175117
16208,0.603322985,0.438197293
16209,0.609200023,0.433790203
16210,0.354019084,0.35717624
16211,0.357730327,0.371811426
16212,0.399505492,0.363323903
16213,0.357141148,0.364779441
16214,0.388344034,0.365298112
16215,0.402436875,0.364888238
16216,0.363948912,0.391553452
14601,0.833232356,0.498582919
14602,0.834506667,0.498582919
14603,0.837419378,0.502595896
14604,0.824130133,0.508113757
14605,0.835780978,0.516390587
14606,0.865636267,0.513631639
14607,0.864361956,0.513380826
14608,0.862359467,0.513130012
14609,0.864361956,0.502094273
14610,0.8629056,0.502094273
14611,0.7940928,0.510621883
14612,0.773703822,0.507862945
14613,0.778983111,0.508615382
14614,0.7760704,0.508113757
14615,0.792818489,0.51037107
14616,0.831047822,0.498332108
14617,0.832322133,0.498582919
14618,0.863087644,0.54648853
14619,0.864179911,0.546739349
14620,0.855987911,0.534198465
14621,0.855805867,0.535452548
14622,0.855623822,0.536204999
14623,0.855623822,0.537459085
14624,0.855259733,0.539465624
14625,0.855077689,0.540719712
14626,0.855077689,0.541722983
14627,0.854895644,0.542977073
14628,0.853621333,0.542977073
14629,0.853621333,0.542726255
14630,0.853803378,0.541973801
14631,0.853803378,0.541221347
14632,0.853985422,0.539967259
14633,0.854167467,0.539214806
14634,0.854167467,0.538713171
14635,0.854531556,0.536455816
14636,0.8547136,0.534950915
14637,0.848888178,0.544231164
14638,0.8497984,0.544231164
14639,0.850708622,0.544481982
14640,0.846703644,0.544231164
14641,0.831229867,0.540218076
14642,0.831411911,0.538963989
14643,0.832504178,0.5316903
14644,0.831958044,0.535703365
14645,0.832140089,0.534449281
14646,0.832140089,0.533446015
14647,0.832322133,0.532693566
14648,0.832322133,0.540468894
14649,0.832504178,0.539214806
14650,0.833050311,0.535703365
14651,0.833050311,0.534700098
14652,0.833232356,0.533696832
14653,0.8334144,0.532693566
14654,0.833596444,0.5316903
14655,0.831593956,0.537709902
14656,0.831776,0.536706633
14657,0.832686222,0.538211536
14658,0.832686222,0.53695745
14659,0.882202311,0.535452548
14660,0.881474133,0.535452548
14661,0.880563911,0.535452548
14662,0.879471644,0.535201732
14663,0.878379378,0.535201732
14664,0.875466667,0.534700098
14665,0.874010311,0.534449281
14666,0.872736,0.534449281
14667,0.870551467,0.534198465
14668,0.868184889,0.533947648
14669,0.867092622,0.533696832
14670,0.866000356,0.533696832
14671,0.864908089,0.533446015
14672,0.862177422,0.532442749
14673,0.8612672,0.532442749
14674,0.860174933,0.532191933
14675,0.859082667,0.532191933
14676,0.858354489,0.5316903
14677,0.874556444,0.514634892
14678,0.873100089,0.514634892
14679,0.872007822,0.514384079
14680,0.8710976,0.514384079
14681,0.870005333,0.514133265
14682,0.868731022,0.514133265
14683,0.867456711,0.513882452
14684,0.866728533,0.513631639
14685,0.803195022,0.733861665
14686,0.804287289,0.734112515
14687,0.805197511,0.734363364
14688,0.683227733,0.452434441
14689,0.683227733,0.452936047
14690,0.683045689,0.453437654
14691,0.682863644,0.454190064
14692,0.683045689,0.454691671
14693,0.683227733,0.455193278
14694,0.683591822,0.455945689
14695,0.6859584,0.455945689
14696,0.686504533,0.455694885
14697,0.687232711,0.455193278
14698,0.687414756,0.454691671
14699,0.6875968,0.454190064
14700,0.683409778,0.451932835
14701,0.681771378,0.4566981
14702,0.680861156,0.45393926
14703,0.680861156,0.452936047
14704,0.681225244,0.451932835
14705,0.681407289,0.451180426
14706,0.681953422,0.450177215
14707,0.683045689,0.449424806
14708,0.681407289,0.455694885
14709,0.798825956,0.480273844
14710,0.799736178,0.480273844
14711,0.801010489,0.480524651
14712,0.802102756,0.480524651
14713,0.803195022,0.480524651
14714,0.804833422,0.481026267
14715,0.806107733,0.481277075
14716,0.8072,0.481277075
14717,0.808474311,0.481527883
14718,0.809566578,0.481527883
14719,0.8104768,0.481778691
14720,0.813571556,0.482029499
14721,0.814481778,0.482280307
14722,0.815392,0.482280307
14723,0.816666311,0.482531115
14724,0.817940622,0.482781923
14725,0.819214933,0.483032731
14726,0.8203072,0.483032731
14727,0.821399467,0.483283539
14728,0.822309689,0.483283539
14729,0.823766044,0.483534348
14730,0.825040356,0.483785156
14731,0.825768533,0.484035964
14732,0.8268608,0.483785156
14733,0.827953067,0.484035964
14734,0.816120178,0.496325623
14735,0.8170304,0.496325623
14736,0.817758578,0.496325623
14737,0.819032889,0.496576434
14738,0.819761067,0.496325623
14739,0.821035378,0.496827244
14740,0.8219456,0.496827244
14741,0.823219911,0.497078055
14742,0.824312178,0.497078055
14743,0.8252224,0.497328865
14744,0.814481778,0.496074813
14745,0.813025422,0.495573192
14746,0.811933156,0.495573192
14747,0.811204978,0.495573192
14748,0.829409422,0.497830486
14749,0.829773511,0.497830486
14750,0.841242311,0.499586162
14751,0.842334578,0.499836973
14752,0.843426844,0.500087784
14753,0.844701156,0.500087784
14754,0.845793422,0.500338595
14755,0.835780978,0.506859696
14756,0.835963022,0.505605636
14757,0.835963022,0.504602389
14758,0.836145067,0.503849954
14759,0.798643911,0.511123508
14760,0.770244978,0.507361321
14761,0.784080356,0.509618632
14762,0.764965689,0.506608884
14763,0.785536711,0.509618632
14764,0.766786133,0.507110508
14765,0.7678784,0.507110508
14766,0.796641422,0.510872696
14767,0.769152711,0.507361321
14768,0.787175111,0.509869445
14769,0.797551644,0.511123508
14770,0.795367111,0.510872696
14771,0.790451911,0.510120257
14772,0.788813511,0.510120257
14773,0.792090311,0.510621883
14774,0.799554133,0.511374321
14775,0.782624,0.50936782
14776,0.836327111,0.502345085
14777,0.831776,0.509117007
14778,0.830683733,0.508866195
14779,0.829591467,0.508866195
14780,0.8284992,0.508615382
14781,0.827588978,0.50836457
14782,0.826314667,0.50836457
14783,0.8252224,0.508113757
14784,0.823219911,0.507862945
14785,0.822127644,0.507612133
14786,0.820853333,0.507612133
14787,0.819761067,0.507361321
14788,0.8186688,0.507110508
14789,0.817758578,0.506859696
14790,0.836145067,0.514133265
14791,0.836145067,0.513380826
14792,0.835963022,0.515387333
14793,0.834870756,0.514384079
14794,0.8350528,0.513380826
14795,0.837055289,0.506859696
14796,0.837055289,0.50610726
14797,0.837237333,0.504602389
14798,0.837419378,0.503849954
14799,0.823948089,0.514634892
14800,0.8252224,0.514634892
14801,0.826132622,0.514885706
14802,0.827224889,0.514885706
14803,0.811751111,0.513130012
14804,0.810658844,0.513130012
14805,0.828135111,0.515136519
14806,0.829773511,0.515387333
14807,0.831958044,0.515638146
14808,0.830865778,0.515638146
14809,0.809566578,0.512879199
14810,0.808292267,0.512628386
14811,0.807017956,0.512377573
14812,0.818850844,0.513882452
14813,0.819579022,0.514133265
14814,0.820853333,0.514133265
14815,0.822127644,0.514384079
14816,0.823037867,0.514384079
14817,0.797551644,0.511123508
14818,0.781167644,0.509117007
14819,0.853803378,0.500840217
14820,0.852711111,0.500589406
14821,0.850708622,0.500338595
14822,0.850526578,0.501091028
14823,0.849434311,0.500840217
14824,0.854895644,0.51212676
14825,0.853257244,0.511875947
14826,0.852347022,0.511625134
14827,0.8530752,0.511374321
14828,0.850344533,0.511625134
14829,0.849980444,0.511374321
14830,0.847977956,0.511374321
14831,0.847249778,0.510621883
14832,0.846157511,0.51037107
14833,0.858718578,0.505605636
14834,0.858536533,0.506358072
14835,0.858354489,0.507612133
14836,0.858172444,0.509117007
14837,0.8579904,0.51037107
14838,0.859264711,0.510621883
14839,0.859446756,0.509117007
14840,0.8596288,0.507862945
14841,0.859810844,0.506608884
14842,0.829955556,0.484286773
14843,0.831229867,0.484537581
14844,0.832322133,0.48478839
14845,0.8334144,0.48478839
14846,0.834688711,0.485039198
14847,0.835780978,0.485290007
14848,0.8366912,0.485290007
14849,0.8416064,0.486042432
14850,0.845065244,0.48654405
14851,0.845793422,0.48654405
14852,0.847067733,0.486794859
14853,0.848342044,0.487045667
14854,0.849616356,0.487045667
14855,0.850890667,0.487045667
14856,0.851800889,0.487296476
14857,0.852893156,0.487547285
14858,0.853621333,0.487547285
14859,0.8547136,0.487798094
14860,0.855805867,0.487798094
14861,0.856898133,0.488048903
14862,0.857808356,0.488048903
14863,0.858536533,0.488299712
14864,0.860721067,0.488550521
14865,0.862177422,0.488550521
14866,0.863451733,0.48880133
14867,0.864726044,0.48905214
14868,0.866000356,0.48905214
14869,0.867092622,0.489302949
14870,0.850162489,0.510872696
14871,0.858718578,0.515136519
14872,0.858536533,0.516139773
14873,0.858354489,0.517143028
14874,0.851800889,0.500589406
14875,0.858172444,0.518647912
14876,0.857444267,0.515136519
14877,0.856169956,0.524165832
14878,0.856169956,0.525169092
14879,0.855987911,0.526172353
14880,0.855623822,0.528178877
14881,0.855441778,0.529432956
14882,0.856534044,0.529934588
14883,0.856898133,0.528429693
14884,0.857080178,0.526423168
14885,0.857262222,0.525419907
14886,0.857262222,0.524165832
14887,0.859992889,0.521657684
14888,0.8612672,0.521908499
14889,0.862541511,0.522159313
14890,0.863633778,0.522159313
14891,0.864726044,0.522410128
14892,0.865818311,0.522660943
14893,0.866910578,0.522660943
14894,0.869641244,0.523162572
14895,0.870733511,0.523162572
14896,0.871825778,0.523162572
14897,0.872918044,0.523413387
14898,0.874192356,0.523664202
14899,0.875648711,0.523915017
14900,0.878379378,0.524165832
14901,0.877105067,0.523915017
14902,0.833960533,0.520152797
14903,0.833960533,0.521156055
14904,0.833778489,0.522410128
14905,0.8350528,0.521657684
14906,0.833596444,0.523664202
14907,0.8334144,0.524667462
14908,0.833232356,0.525670723
14909,0.834324622,0.526924799
14910,0.834506667,0.526172353
14911,0.834506667,0.524667462
14912,0.834688711,0.523915017
14913,0.834870756,0.522911757
14914,0.844337067,0.519651169
14915,0.8432448,0.519400355
14916,0.845429333,0.519651169
14917,0.846339556,0.519901983
14918,0.840332089,0.51914954
14919,0.841242311,0.519400355
14920,0.842334578,0.519400355
14921,0.847431822,0.519901983
14922,0.848342044,0.520152797
14923,0.849434311,0.520152797
14924,0.850526578,0.520403612
14925,0.851800889,0.520654426
14926,0.8710976,0.549749177
14927,0.872007822,0.549749177
14928,0.873100089,0.550250815
14929,0.8743744,0.550501635
14930,0.875648711,0.550752454
14931,0.877105067,0.551003273
14932,0.878015289,0.551254093
14933,0.879107556,0.551504912
14934,0.880017778,0.551755732
14935,0.881110044,0.552006552
14936,0.870005333,0.548244262
14937,0.871279644,0.548495081
14938,0.872553956,0.5487459
14939,0.873646222,0.548996719
14940,0.874738489,0.549247538
14941,0.880563911,0.550501635
14942,0.881838222,0.550752454
14943,0.875830756,0.549498358
14944,0.846885689,0.544983619
14945,0.847795911,0.545234438
14946,0.849252267,0.545485256
14947,0.850344533,0.545736075
14948,0.8514368,0.545736075
14949,0.852529067,0.545986893
14950,0.856534044,0.545485256
14951,0.857626311,0.545485256
14952,0.858900622,0.545736075
14953,0.860539022,0.546237712
14954,0.861813333,0.54648853
14955,0.2812736,0.179334429
14956,0.280545422,0.179334429
14957,0.279817244,0.179835945
14958,0.278724978,0.180337461
14959,0.2779968,0.180588219
14960,0.277450667,0.181089736
14961,0.322051556,0.217199354
14962,0.321687467,0.217951647
14963,0.319502933,0.223719238
14964,0.319320889,0.224220769
14965,0.3664704,0.23575602
14966,0.366106311,0.237009857
14967,0.365924267,0.237511393
14968,0.365560178,0.239768302
14969,0.365196089,0.240520606
14970,0.364467911,0.241774447
14971,0.321505422,0.254312914
14972,0.320777244,0.253811373
14973,0.320231111,0.253560603
14974,0.319684978,0.250802133
14975,0.319138844,0.250551363
14976,0.318592711,0.250049824
14977,0.138004622,0.566303336
14978,0.137822578,0.567306624
14979,0.137822578,0.569313202
14980,0.137640533,0.57006567
14981,0.185882311,0.576336248
14982,0.185518222,0.577088719
14983,0.185700267,0.582105202
14984,0.185154133,0.582606851
14985,0.210276267,0.571319783
14986,0.211914667,0.572824721
14987,0.212642844,0.573326367
14988,0.213188978,0.573828013
14989,0.225568,0.606184552
14990,0.225203911,0.606937038
14991,0.224111644,0.608943669
14992,0.223747556,0.609445327
14993,0.877469156,0.799334846
14994,0.852347022,0.777510138
14995,0.860174933,0.797327963
14996,0.808656356,0.761455381
14997,0.870551467,0.790805613
14998,0.793364622,0.758695987
14999,0.724369778,0.764465635
15000,0.890212267,0.801341732
15001,0.798825956,0.80686068
15002,0.722731378,0.732607417
15003,0.7646016,0.786290155
15004,0.606951111,0.627003466
15005,0.741481956,0.781774712
15006,0.780621511,0.799836567
15007,0.813207467,0.800589149
15008,0.692876089,0.73160402
15009,0.780439467,0.755685745
15010,0.705983289,0.731854869
15011,0.845611378,0.824421105
15012,0.621878756,0.618726032
15013,0.620058311,0.613458598
15014,0.346627556,0.251805212
15015,0.3550016,0.259328329
15016,0.345535289,0.241022143
15017,0.332064,0.246037514
15018,0.357186133,0.253560603
15019,0.340802133,0.241523679
15020,0.339709867,0.248795976
15021,0.614050844,0.627254298
15022,0.614050844,0.613207768
15023,0.623335111,0.620231017
15024,0.369019022,0.252557522
15025,0.350450489,0.242526752
15026,0.616417422,0.616468558
15027,0.847245991,0.510654238
15028,0.84810049,0.510764119
15029,0.848918361,0.510873975
15030,0.850041411,0.511032664
15031,0.851213286,0.511191353
15032,0.852409573,0.511350043
15033,0.853618075,0.511472113
15034,0.85491201,0.511655232
15035,0.855961824,0.511777302
15036,0.764689855,0.506699176
15037,0.765727436,0.506845651
15038,0.76677725,0.507040958
15039,0.767888085,0.507187458
15040,0.76899892,0.507309528
15041,0.770146383,0.507492621
15042,0.784379782,0.509421343
15043,0.785368557,0.509543413
15044,0.786418371,0.509628865
15045,0.787748933,0.509811958
15046,0.788859769,0.509958433
15047,0.78986074,0.510117147
15048,0.791008203,0.510275836
15049,0.791874898,0.510434526
15050,0.792936909,0.510593215
15051,0.794157626,0.51073969
15052,0.795305089,0.510910593
15053,0.796403709,0.510996045
15054,0.797477935,0.511179139
15055,0.798539946,0.511313424
15056,0.799479877,0.511472113
15057,0.807145896,0.512448679
15058,0.808549714,0.512643987
15059,0.809489646,0.512778272
15060,0.810502832,0.512875914
15061,0.81166251,0.513022414
15062,0.819243077,0.514108836
15063,0.82057364,0.514316359
15064,0.821769927,0.514523882
15065,0.822587798,0.51445062
15066,0.823442297,0.514621524
15067,0.824345601,0.514743595
15068,0.8253832,0.514890095
15069,0.826420799,0.515073189
15070,0.827360749,0.51519526
15071,0.828459387,0.515292926
15072,0.829777735,0.51547602
15073,0.830839745,0.515610306
15074,0.831791892,0.515781185
15075,0.866623275,0.513271421
15076,0.867612031,0.513405706
15077,0.869675032,0.513674252
15078,0.870651591,0.513796323
15079,0.871786838,0.513930608
15080,0.872824437,0.514089298
15081,0.873996312,0.514272417
15082,0.875021714,0.514357844
15083,0.817424217,0.506735795
15084,0.818644916,0.506870055
15085,0.819536042,0.506979936
15086,0.82057364,0.50712641
15087,0.82167226,0.507285099
15088,0.822685447,0.507407169
15089,0.823906164,0.507565858
15090,0.824980372,0.507736761
15091,0.826091207,0.507834428
15092,0.82723867,0.507993117
15093,0.828410544,0.508151806
15094,0.829594634,0.508310495
15095,0.830827548,0.508456969
15096,0.831791892,0.508603469
15097,0.839445714,0.518550571
15098,0.840519922,0.51874588
15099,0.841594148,0.518941189
15100,0.84283926,0.519038856
15101,0.844108783,0.519185332
15102,0.845158597,0.519382271
15103,0.846208393,0.519528746
15104,0.847319246,0.519675247
15105,0.848564357,0.519833937
15106,0.849748447,0.520004842
15107,0.850859282,0.520139103
15108,0.852043354,0.520297793
15109,0.859709373,0.521237745
15110,0.860698147,0.521433055
15111,0.861625882,0.521640578
15112,0.864836327,0.522043412
15113,0.865715238,0.522128864
15114,0.8666796,0.522250936
15115,0.86773624,0.522403381
15116,0.868798251,0.522549857
15117,0.869658102,0.522678174
15118,0.870915428,0.522861268
15119,0.872062891,0.522946721
15120,0.873210353,0.523129841
15121,0.874279209,0.523270071
15122,0.875744048,0.523521388
15123,0.84618398,0.510519978
15124,0.877123435,0.523704483
15125,0.878771392,0.523912007
15126,0.879796776,0.524046293
15127,0.814457912,0.50397699
15128,0.814604403,0.502927193
15129,0.814726464,0.501730898
15130,0.814909582,0.500913028
15131,0.814921779,0.500021921
15132,0.81510488,0.499045363
15133,0.81023428,0.495151305
15134,0.81117423,0.495285588
15135,0.812321675,0.495419872
15136,0.81324941,0.495566345
15137,0.814225987,0.495651796
15138,0.815153722,0.495810484
15139,0.816374421,0.495993601
15140,0.817814848,0.496188907
15141,0.818803622,0.496323191
15142,0.819767966,0.496372023
15143,0.820768956,0.496591733
15144,0.821855379,0.496701613
15145,0.822844135,0.496823683
15146,0.823784085,0.496945752
15147,0.824919332,0.497080036
15148,0.828837803,0.497604932
15149,0.830095129,0.497824643
15150,0.831047276,0.497910094
15151,0.832145896,0.498032163
15152,0.833232319,0.498178662
15153,0.834221094,0.498361754
15154,0.840971593,0.499179623
15155,0.842375392,0.499387143
15156,0.844108783,0.499667926
15157,0.845671289,0.499875447
15158,0.848173726,0.500241656
15159,0.849443268,0.50038813
15160,0.850566318,0.500497985
15161,0.85195792,0.500644484
15162,0.852812401,0.500790958
15163,0.853801175,0.50096186
15164,0.855046286,0.501096145
15165,0.854894443,0.543548336
15166,0.855016504,0.542645015
15167,0.855089758,0.541814933
15168,0.855162995,0.540887208
15169,0.85535831,0.539739742
15170,0.856017493,0.534600599
15171,0.855858787,0.535601559
15172,0.855675687,0.536443852
15173,0.855529196,0.537664554
15174,0.855529196,0.52920509
15175,0.85566349,0.528082037
15176,0.855949609,0.525717725
15177,0.856120512,0.524716747
15178,0.856254788,0.523752388
15179,0.858049219,0.518955034
15180,0.858183495,0.517929631
15181,0.858354398,0.517062944
15182,0.858452047,0.516281684
15183,0.858586322,0.515219664
15184,0.859228302,0.510270745
15185,0.859337529,0.509718957
15186,0.859446756,0.508816032
15187,0.859574187,0.507637214
15188,0.859756231,0.506483478
15189,0.856871974,0.518938957
15190,0.857018465,0.518011221
15191,0.857091701,0.517229986
15192,0.857316799,0.516086375
15193,0.857433508,0.515008303
15194,0.858043848,0.510333022
15195,0.858268946,0.508847609
15196,0.858342183,0.508127376
15197,0.858464262,0.507187458
15198,0.858574126,0.506198681
15199,0.858732814,0.505100049
15200,0.832365624,0.540610305
15201,0.832451075,0.539475054
15202,0.832536527,0.538461852
15203,0.83270743,0.537448676
15204,0.832829491,0.536459905
15205,0.833024807,0.535373491
15206,0.833122455,0.534360292
15207,0.833207907,0.533408142
15208,0.833342183,0.532309516
15209,0.833513086,0.531369582
15210,0.836796786,0.506979936
15211,0.836894434,0.505954541
15212,0.837077535,0.504855909
15213,0.83727285,0.503391069
15214,0.837419341,0.502219177
15215,0.831291416,0.539523863
15216,0.831425692,0.538535116
15217,0.831633204,0.537607368
15218,0.831743068,0.536533143
15219,0.831865147,0.535532183
15220,0.831987208,0.534250434
15221,0.832084875,0.53324945
15222,0.832280172,0.532211873
15223,0.832402251,0.531162056
15224,0.833159083,0.525095152
15225,0.833305574,0.524020936
15226,0.833427635,0.522897887
15227,0.833586323,0.521726031
15228,0.833745029,0.520712841
15229,0.833879305,0.519699651
15230,0.835624911,0.50647944
15231,0.835759187,0.50546626
15232,0.835917875,0.504428651
15233,0.836076563,0.503317807
15234,0.836210839,0.502182559
15235,0.857231693,0.524969719
15236,0.85687769,0.5292544
15237,0.85687769,0.528143562
15238,0.857109614,0.525763173
15239,0.834250166,0.526205486
15240,0.834335618,0.525143484
15241,0.857402597,0.52400536
15242,0.868674042,0.513539992
15243,0.834457697,0.524179125
15244,0.83460417,0.523141529
15245,0.834750661,0.522335862
15246,0.834933761,0.521310481
15247,0.835625239,0.515863276
15248,0.83571069,0.51485009
15249,0.835893809,0.513739263
15250,0.83601587,0.512677245
15251,0.83113271,0.540476017
15252,0.834697504,0.513751452
15253,0.83485621,0.512481936
15254,0.86557672,0.513114286
15255,0.864465885,0.51300443
15256,0.86253716,0.512711455
15257,0.844613938,0.530551194
15258,0.845688164,0.530770909
15259,0.846713548,0.530844172
15260,0.847836598,0.530978434
15261,0.848837569,0.531124936
15262,0.850070484,0.531295817
15263,0.85126677,0.531442318
15264,0.858659577,0.532431588
15265,0.859489645,0.532541445
15266,0.860588283,0.532700137
15267,0.861564843,0.532822209
15268,0.862614657,0.532993116
15269,0.870993343,0.534213313
15270,0.871957687,0.534286552
15271,0.87328825,0.534469648
15272,0.875082699,0.534701578
15273,0.877861225,0.535068297
15274,0.87924063,0.535202584
15275,0.880620017,0.535385681
15276,0.881962795,0.535617611
15277,0.882927157,0.535739684
15278,0.844824764,0.544046913
15279,0.847144101,0.544327679
15280,0.848450252,0.544510776
15281,0.849536675,0.544657254
15282,0.851025944,0.544840377
15283,0.856462647,0.545526365
15284,0.857353754,0.545709463
15285,0.858208253,0.545892585
15286,0.858965084,0.546014634
15287,0.860942633,0.54631983
15288,0.862065683,0.546563952
15289,0.862993418,0.546795884
15290,0.863945565,0.546966792
15291,0.864995361,0.547198724
15292,0.868774968,0.547916542
15293,0.869995667,0.548258333
15294,0.871289602,0.548526885
15295,0.872351613,0.548758817
15296,0.873523488,0.549039584
15297,0.874890678,0.549356971
15298,0.875952689,0.549576688
15299,0.880803463,0.550677735
15300,0.88181665,0.550885238
15301,0.847009825,0.545572792
15302,0.84812066,0.54568265
15303,0.849451223,0.545877963
15304,0.850586489,0.54604887
15305,0.851697324,0.546158729
15306,0.852759335,0.546305207
15307,0.870801323,0.549625523
15308,0.871936588,0.549894075
15309,0.873047423,0.550174842
15310,0.874023983,0.55035794
15311,0.87518366,0.550638707
15312,0.876209044,0.550834021
15313,0.877319879,0.551065953
15314,0.878479557,0.551346721
15315,0.879407292,0.551529819
15316,0.880457087,0.551737347
15317,0.881677786,0.55194485
15318,0.853703526,0.542954048
15319,0.853849999,0.541708937
15320,0.854008688,0.540671329
15321,0.854155179,0.539645936
15322,0.854313867,0.538388613
15323,0.854399318,0.537424271
15324,0.854533594,0.536350047
15325,0.854692283,0.535214799
15326,0.854838774,0.534103957
15327,0.77841739,0.508616611
15328,0.777330967,0.508470112
15329,0.833854511,0.542822694
15330,0.835172877,0.542993602
15331,0.821349514,0.54173427
15332,0.822521388,0.541844153
15333,0.839311056,0.54346968
15334,0.840678246,0.543628372
15335,0.841850121,0.543787065
15336,0.823705478,0.541941796
15337,0.779674716,0.508799704
15338,0.780663472,0.50890956
15339,0.819310944,0.541551173
15340,0.820275306,0.541624411
15341,0.818309972,0.541441314
15342,0.869518455,0.534031647
15343,0.867662986,0.533726478
15344,0.866710839,0.533579976
15345,0.865563376,0.533409095
15346,0.838573631,0.534764056
15347,0.83869571,0.533641025
15348,0.838866613,0.532383682
15349,0.839013086,0.531285057
15350,0.763327289,0.504351577
15351,0.765875911,0.488048903
15352,0.832504178,0.541973801
15353,0.832504178,0.541973801
15354,0.8383296,0.498332108
15355,0.8579904,0.522660943
15356,0.856898133,0.513380826
15357,0.862359467,0.494068332
15358,0.886571378,0.537208268
15359,0.888937956,0.518397098
15360,0.593843911,0.30547093
15361,0.5516096,0.35512595
15362,0.515746844,0.333809202
15363,0.6007616,0.300204584
15364,0.612412444,0.317759143
15365,0.647364978,0.384468317
15366,0.588928711,0.343339005
15367,0.609863822,0.345596073
15368,0.437649778,0.268606892
15369,0.546512356,0.350110218
15370,0.398328178,0.27838706
15371,0.443839289,0.291678158
15372,0.522846578,0.340329587
15373,0.536681956,0.349859432
15374,0.560529778,0.358386185
15375,0.457492622,0.30070614
15376,0.357914311,0.250551363
15377,0.568903822,0.312492754
15378,0.513380267,0.298699917
15379,0.408522667,0.253059062
15380,0.498816711,0.313495874
15381,0.370293333,0.236508322
15382,0.570724267,0.359138548
15383,0.389043911,0.244532901
15384,0.547604622,0.3082295
15385,0.431460267,0.285408757
15386,0.497178311,0.290925829
15387,0.539412622,0.301458475
15388,0.532676978,0.302963144
15389,0.386859378,0.270362302
15390,0.5712704,0.32302555
15391,0.499362844,0.456196493
15392,0.387223467,0.40729055
15393,0.446205867,0.436132325
15394,0.394869333,0.410049305
15395,0.484981333,0.451180426
15396,0.439470222,0.426601939
15397,0.510285511,0.294436702
15398,0.441654756,0.264092989
15399,0.558709333,0.352618082
15400,0.430550044,0.279640932
15401,0.494447644,0.283904105
15402,0.508283022,0.320016172
15403,0.474240711,0.307727942
15404,0.520115911,0.332555285
15405,0.563806578,0.343339005
15406,0.412163556,0.279640932
15407,0.426180978,0.259328329
15408,0.423268267,0.287665739
15409,0.531402667,0.34258665
15410,0.520844089,0.294436702
15411,0.356457956,0.229737617
15412,0.668118044,0.538211536
15413,0.667571911,0.544983619
15414,0.667389867,0.55326065
15415,0.659379911,0.55476557
15416,0.657559467,0.55601967
15417,0.788813511,0.523915017
15418,0.780439467,0.501341839
15419,0.802648889,0.521657684
15420,0.805015467,0.497830486
15421,0.805015467,0.50836457
15422,0.806107733,0.511875947
15423,0.810840889,0.512628386
15424,0.820125156,0.513380826
15425,0.824858311,0.514384079
15426,0.8284992,0.514384079
15427,0.832322133,0.515136519
15428,0.822127644,0.507862945
15429,0.834324622,0.509618632
15430,0.822855822,0.504351577
15431,0.8252224,0.504853201
15432,0.8219456,0.500087784
15433,0.813207467,0.494569952
15434,0.827406933,0.497830486
15435,0.837965511,0.506859696
15436,0.837419378,0.501091028
15437,0.842152533,0.511123508
15438,0.862359467,0.514133265
15439,0.860356978,0.507361321
15440,0.856716089,0.500840217
15441,0.326238578,0.306474046
15442,0.6024,0.464974649
15443,0.577824,0.481026267
15444,0.591659378,0.475508504
15445,0.582557156,0.46196499
15446,0.600943644,0.476762539
15447,0.598395022,0.482280307
15448,0.298567822,0.202153575
15449,0.572726756,0.460710967
15450,0.579098311,0.46146338
15451,0.580190578,0.474003663
15452,0.594025956,0.463720624
15453,0.615871289,0.479019805
15454,0.5876544,0.480775459
15455,0.581464889,0.481527883
15456,0.606951111,0.477514961
15457,0.6253376,0.477765768
15458,0.610227911,0.482781923
15459,0.591477333,0.46823512
15460,0.573272889,0.476762539
15461,0.586562133,0.474756084
15462,0.576003556,0.461212576
15463,0.607497244,0.331301369
15464,0.294016711,0.197639871
15465,0.668482133,0.384468317
15466,0.582193067,0.366662197
15467,0.375572622,0.256068307
15468,0.637716622,0.346850001
15469,0.604402489,0.326034933
15470,0.376846933,0.239266767
15471,0.617873778,0.325282587
15472,0.289647644,0.191370859
15473,0.737476978,0.547742624
15474,0.711444622,0.545986893
15475,0.715813689,0.551254093
15476,0.726736356,0.55576885
15477,0.716905956,0.55526721
15478,0.706529422,0.55300983
15479,0.698701511,0.552257371
15480,0.740207644,0.50334833
15481,0.750584178,0.509117007
15482,0.761506844,0.519901983
15483,0.815938133,0.493817522
15484,0.826132622,0.501091028
15485,0.8383296,0.511123508
15486,0.850344533,0.500087784
15487,0.859082667,0.516139773
15488,0.865272178,0.514634892
15489,0.833232356,0.51914954
15490,0.835234844,0.523413387
15491,0.857262222,0.529934588
15492,0.855259733,0.526172353
15493,0.869095111,0.532693566
15494,0.845065244,0.528680508
15495,0.833232356,0.537960719
15496,0.629342578,0.34208508
15497,0.624427378,0.335313904
15498,0.6875968,0.552006552
15499,0.6810432,0.55376229
15500,0.740389689,0.510120257
15501,0.744030578,0.511875947
15502,0.750402133,0.517143028
15503,0.760960711,0.513882452
15504,0.774614044,0.514384079
15505,0.833778489,0.541722983
15506,0.841788444,0.542726255
15507,0.826132622,0.492563472
15508,0.755317333,0.487296476
15509,0.780257422,0.497078055
15510,0.689781333,0.47425447
15511,0.690691556,0.479270613
15512,0.693604267,0.486293241
15513,0.3746624,0.40252544
15514,0.481340444,0.441399144
15515,0.356275911,0.398512727
15516,0.469325511,0.436633926
15517,0.429821867,0.422087566
15518,0.357004089,0.396757169
15519,0.495904,0.447418387
15520,0.344260978,0.376693788
15521,0.487529956,0.443907159
15522,0.409979022,0.415316033
15523,0.409432889,0.422338364
15524,0.397782044,0.417573207
15525,0.456764444,0.432370324
15526,0.501365333,0.449424806
15527,0.501001244,0.456447296
15528,0.576731733,0.315502117
15529,0.659379911,0.411554082
15530,0.591841422,0.327038062
15531,0.669756444,0.418576397
15532,0.639172978,0.396255581
15533,0.6040384,0.374436675
15534,0.646454756,0.410550897
15535,0.632983467,0.410801693
15536,0.6155072,0.329295106
15537,0.633893689,0.348856287
15538,0.658651733,0.381709609
15539,0.670848711,0.393998438
15540,0.364103822,0.40403021
15541,0.4238144,0.419830385
15542,0.444749511,0.428357532
15543,0.423268267,0.428106733
15544,0.647911111,0.388982577
15545,0.633165511,0.339828018
15546,0.651369956,0.367163775
15547,0.618601956,0.334812336
15548,0.672305067,0.396255581
15549,0.598212978,0.311740414
15550,0.588928711,0.282901004
15551,0.748035556,0.486042432
15552,0.606404978,0.46547626
15553,0.565444978,0.459958553
15554,0.592387556,0.500338595
15555,0.594025956,0.503599142
15556,0.652644267,0.375439836
15557,0.647547022,0.369671668
15558,0.488076089,0.305721709
15559,0.344078933,0.250802133
15560,0.661564444,0.378449324
15561,0.675217778,0.388982577
15562,0.338799644,0.354624376
15563,0.383218489,0.241774447
15564,0.362647467,0.232496049
15565,0.609499733,0.312994314
15566,0.5991232,0.370424036
15567,0.668300089,0.531941117
15568,0.665933511,0.534198465
15569,0.657559467,0.534449281
15570,0.648821333,0.534449281
15571,0.650277689,0.538713171
15572,0.6548288,0.544481982
15573,0.662110578,0.551755732
15574,0.729284978,0.540468894
15575,0.729284978,0.536706633
15576,0.729284978,0.530687036
15577,0.727464533,0.524165832
15578,0.727100444,0.542977073
15579,0.717998222,0.543478709
15580,0.713629156,0.544481982
15581,0.708167822,0.544231164
15582,0.696516978,0.542977073
15583,0.717270044,0.540970529
15584,0.716541867,0.535954182
15585,0.716905956,0.530687036
15586,0.711444622,0.518146284
15587,0.718544356,0.515136519
15588,0.590020978,0.518898726
15589,0.584013511,0.516390587
15590,0.576367644,0.515638146
15591,0.572362667,0.514634892
15592,0.5925696,0.481527883
15593,0.5794624,0.51212676
15594,0.580008533,0.50610726
15595,0.580372622,0.501843462
15596,0.584741689,0.498833729
15597,0.578370133,0.498081297
15598,0.596028444,0.491560234
15599,0.507190756,0.451431229
15600,0.379941689,0.404782596
15601,0.382126222,0.411804879
15602,0.462953956,0.434376723
15603,0.651734044,0.393747645
15604,0.601853867,0.366662197
15605,0.655374933,0.414062048
15606,0.647364978,0.374185884
15607,0.665569422,0.414062048
15608,0.636442311,0.386725445
15609,0.650823822,0.412557268
15610,0.476061156,0.448170794
15611,0.440380444,0.434125923
15612,0.416714667,0.41732241
15613,0.401422933,0.412306472
15614,0.4746048,0.438389531
15615,0.364103822,0.398763522
15616,0.454944,0.439894337
15617,0.431460267,0.430614726
15618,0.669756444,0.397509551
15619,0.608043378,0.361646427
15620,0.620786489,0.380957234
15621,0.660654222,0.393998438
15622,0.616417422,0.379201696
15623,0.831047822,0.510120257
15624,0.768060444,0.490556995
15625,0.761506844,0.489302949
15626,0.765329778,0.492312663
15627,0.761506844,0.49908454
15628,0.833960533,0.511625134
15629,0.7285568,0.494820762
15630,0.740207644,0.485290007
15631,0.733836089,0.494068332
15632,0.585651911,0.488550521
15633,0.580190578,0.489804567
15634,0.589656889,0.488550521
15635,0.617327644,0.495322382
15636,0.599305244,0.518647912
15637,0.592205511,0.510120257
15638,0.610227911,0.488299712
15639,0.614414933,0.488299712
15640,0.6204224,0.508615382
15641,0.688689067,0.48905214
15642,0.691419733,0.496827244
15643,0.698155378,0.505354824
15644,0.694696533,0.504853201
15645,0.700339911,0.488550521
15646,0.705801244,0.489553758
15647,0.694332444,0.487045667
15648,0.729467022,0.500338595
15649,0.729831111,0.495824003
15650,0.6613824,0.485791624
15651,0.666115556,0.488550521
15652,0.6712128,0.48880133
15653,0.675763911,0.48478839
15654,0.673943467,0.47350205
15655,0.6777664,0.471495598
15656,0.673397333,0.466228676
15657,0.8284992,0.490556995
15658,0.836509156,0.491560234
15659,0.859082667,0.494319142
15660,0.866000356,0.495071572
15661,0.873828267,0.496325623
15662,0.879471644,0.497328865
15663,0.884932978,0.501592651
15664,0.897494044,0.509618632
15665,0.893307022,0.518146284
15666,0.895127467,0.513130012
15667,0.813025422,0.488299712
15668,0.822309689,0.490306186
15669,0.368472889,0.24729136
15670,0.758958222,0.481026267
15671,0.7940928,0.486042432
15672,0.480430222,0.27838706
15673,0.347901867,0.235254486
15674,0.6384448,0.355376737
15675,0.595118222,0.291427381
15676,0.6466368,0.360141699
15677,0.591477333,0.320768516
15678,0.326420622,0.243529826
15679,0.463500089,0.272368487
15680,0.608043378,0.326536498
15681,0.628250311,0.332555285
15682,0.642085689,0.353119655
15683,0.665023289,0.3882302
15684,0.655921067,0.372430354
15685,0.642995911,0.362398791
15686,0.668482133,0.466981092
15687,0.667571911,0.471495598
15688,0.5679936,0.494319142
15689,0.565991111,0.510621883
15690,0.687414756,0.472248017
15691,0.880199822,0.551755732
15692,0.678858667,0.467482703
15693,0.686504533,0.46823512
15694,0.629524622,0.476260925
15695,0.573454933,0.496827244
15696,0.659197867,0.471746405
15697,0.663202844,0.466730287
15698,0.6581056,0.467482703
15699,0.652826311,0.467984315
15700,0.634075733,0.474505277
15701,0.676310044,0.477514961
15702,0.671576889,0.471746405
15703,0.655192889,0.475759311
15704,0.881110044,0.516139773
15705,0.886753422,0.516892215
15706,0.890940444,0.534198465
15707,0.8825664,0.507862945
15708,0.619694222,0.479019805
15709,0.639901156,0.473251243
15710,0.646454756,0.470241568
15711,0.655739022,0.472248017
15712,0.883294578,0.486293241
15713,0.775342222,0.501843462
15714,0.861449244,0.499836973
15715,0.863633778,0.501843462
15716,0.868002844,0.502345085
15717,0.873464178,0.503097519
15718,0.878743467,0.503599142
15719,0.727646578,0.50610726
15720,0.7301952,0.509117007
15721,0.657741511,0.511875947
15722,0.658469689,0.506859696
15723,0.661564444,0.496576434
15724,0.662838756,0.498582919
15725,0.664477156,0.507612133
15726,0.667936,0.515136519
15727,0.667025778,0.511123508
15728,0.667753956,0.503599142
15729,0.670848711,0.506608884
15730,0.668300089,0.51789547
15731,0.668482133,0.525169092
15732,0.637352533,0.516139773
15733,0.627886222,0.515136519
15734,0.637352533,0.515387333
15735,0.623517156,0.515387333
15736,0.622606933,0.518397098
15737,0.624973511,0.522410128
15738,0.625701689,0.526172353
15739,0.633711644,0.522911757
15740,0.632073244,0.525921538
15741,0.636624356,0.526423168
15742,0.647364978,0.526673984
15743,0.651005867,0.526924799
15744,0.626976,0.526673984
15745,0.650277689,0.526924799
15746,0.882202311,0.563544297
15747,0.884022756,0.55426393
15748,0.885297067,0.547240987
15749,0.883658667,0.534449281
15750,0.886389333,0.534700098
15751,0.886571378,0.537960719
15752,0.889848178,0.543478709
15753,0.888755911,0.550250815
15754,0.892032711,0.55376229
15755,0.805015467,0.487547285
15756,0.799918222,0.486042432
15757,0.785536711,0.485039198
15758,0.776434489,0.489804567
15759,0.879653689,0.488550521
15760,0.839057778,0.493817522
15761,0.858718578,0.497328865
15762,0.883840711,0.492061853
15763,0.696334933,0.525670723
15764,0.701796267,0.525670723
15765,0.706893511,0.51789547
15766,0.713265067,0.525419907
15767,0.714539378,0.524165832
15768,0.714357333,0.520152797
15769,0.748581689,0.508866195
15770,0.768788622,0.513631639
15771,0.760414578,0.52742643
15772,0.744758756,0.52918214
15773,0.746397156,0.529432956
15774,0.742210133,0.531188668
15775,0.752768711,0.52918214
15776,0.7678784,0.53695745
15777,0.770244978,0.537960719
15778,0.684137956,0.544231164
15779,0.730559289,0.51037107
15780,0.762235022,0.531188668
15781,0.303665067,0.206416531
15782,0.763873422,0.512879199
15783,0.762052978,0.506608884
15784,0.770609067,0.507110508
15785,0.750402133,0.52090524
15786,0.747307378,0.514634892
15787,0.745668978,0.498332108
15788,0.757319822,0.510621883
15789,0.866910578,0.54648853
15790,0.875284622,0.550752454
15791,0.734200178,0.502094273
15792,0.872007822,0.549999996
15793,0.734746311,0.507862945
15794,0.856534044,0.544983619
15795,0.855441778,0.543478709
15796,0.858354489,0.530937852
15797,0.772065422,0.491058614
15798,0.777526756,0.483534348
15799,0.785718756,0.489553758
15800,0.798461867,0.492814282
15801,0.799190044,0.499836973
15802,0.791362133,0.509618632
15803,0.793910756,0.524667462
15804,0.786264889,0.508113757
15805,0.786264889,0.508113757
15806,0.805925689,0.50610726
15807,0.815756089,0.512377573
15808,0.815938133,0.507110508
15809,0.815574044,0.50334833
15810,0.804469333,0.514885706
15811,0.824494222,0.497078055
15812,0.836327111,0.516390587
15813,0.835780978,0.503097519
15814,0.835780978,0.496325623
15815,0.840696178,0.498833729
15816,0.876376889,0.51588896
15817,0.871461689,0.515387333
15818,0.8579904,0.505104012
15819,0.857262222,0.509869445
15820,0.856169956,0.511374321
15821,0.843426844,0.492312663
15822,0.832322133,0.526673984
15823,0.843790933,0.518647912
15824,0.880745956,0.523664202
15825,0.859446756,0.522911757
15826,0.874920533,0.523162572
15827,0.885115022,0.523915017
15828,0.888209778,0.522410128
15829,0.817758578,0.540218076
15830,0.822309689,0.540970529
15831,0.878925511,0.551504912
15832,0.845611378,0.543478709
15833,0.726736356,0.519901983
15834,0.723277511,0.506608884
15835,0.722549333,0.51914954
15836,0.329333333,0.318762266
15837,0.854167467,0.532693566
15838,0.851800889,0.543980346
15839,0.834324622,0.530937852
15840,0.829591467,0.541472165
15841,0.829955556,0.540719712
15842,0.336433067,0.344592931
15843,0.697245156,0.459958553
15844,0.874738489,0.492814282
15845,0.848342044,0.48905214
15846,0.845429333,0.480273844
15847,0.838693689,0.479521421
15848,0.8252224,0.477514961
15849,0.818486756,0.476762539
15850,0.805197511,0.47500689
15851,0.768242489,0.478267383
15852,0.796823467,0.708024368
15853,0.687414756,0.454942474
15854,0.696881067,0.46948915
15855,0.7023424,0.460209358
15856,0.693240178,0.459707749
15857,0.686868622,0.458202924
15858,0.680679111,0.455444081
15859,0.682499556,0.453688457
15860,0.682863644,0.455694885
15861,0.685412267,0.4566981
15862,0.692876089,0.473251243
15863,0.699975822,0.474003663
15864,0.706711467,0.474756084
15865,0.720910933,0.476010118
15866,0.728192711,0.477013347
15867,0.786264889,0.719312453
15868,0.710352356,0.460209358
15869,0.704526933,0.470492374
15870,0.690145422,0.468736732
15871,0.7138112,0.475508504
15872,0.716723911,0.460710967
15873,0.8104768,0.735366764
15874,0.810112711,0.711536208
15875,0.818486756,0.729346377
15876,0.818850844,0.719312453
15877,0.8186688,0.716553136
15878,0.681407289,0.450177215
15879,0.709624178,0.470993986
15880,0.682317511,0.458202924
15881,0.804105244,0.734614214
15882,0.840878222,0.488299712
15883,0.680679111,0.452685244
15884,0.815027911,0.733861665
15885,0.8629056,0.491058614
15886,0.735838578,0.478267383
15887,0.744212622,0.479270613
15888,0.803741156,0.483032731
15889,0.761142756,0.477264154
15890,0.791726222,0.480273844
15891,0.796459378,0.482280307
15892,0.810658844,0.484035964
15893,0.817940622,0.485039198
15894,0.832322133,0.487296476
15895,0.799372089,0.73160402
15896,0.855441778,0.490306186
15897,0.874192356,0.485791624
15898,0.865636267,0.483785156
15899,0.870005333,0.492061853
15900,0.851982933,0.481277075
15901,0.559619556,0.309232617
15902,0.4598592,0.442151548
15903,0.492081067,0.453688457
15904,0.376118756,0.409798509
15905,0.580190578,0.360392487
15906,0.598212978,0.323777895
15907,0.4893504,0.313245094
15908,0.642631822,0.526423168
15909,0.666661689,0.526423168
15910,0.611684267,0.517143028
15911,0.603492267,0.518397098
15912,0.619330133,0.503599142
15913,0.755135289,0.525419907
15914,0.279817244,0.174570035
15915,0.383764622,0.272368487
15916,0.336797156,0.23324835
15917,0.354455467,0.23776216
15918,0.332246044,0.235003719
15919,0.345717333,0.246037514
15920,0.322051556,0.254814455
15921,0.350450489,0.227229956
15922,0.313495467,0.28816729
15923,0.328241067,0.23776216
15924,0.3173184,0.24729136
15925,0.339891911,0.225725362
15926,0.319138844,0.290424276
15927,0.313131378,0.276882414
15928,0.332610133,0.331050586
15929,0.309490489,0.270111529
15930,0.318410667,0.263842217
15931,0.312221156,0.262337587
15932,0.316226133,0.254062143
15933,0.283640178,0.181591252
15934,0.344625067,0.2247223
15935,0.339345778,0.220208528
15936,0.332792178,0.215444006
15937,0.326056533,0.21569477
15938,0.321323378,0.215444006
15939,0.315133867,0.213437895
15940,0.3091264,0.210679498
15941,0.856534044,0.537459085
15942,0.847977956,0.519400355
15943,0.839057778,0.518647912
15944,0.853439289,0.520152797
15945,0.862359467,0.521156055
15946,0.7646016,0.505856448
15947,0.788813511,0.508866195
15948,0.825950578,0.727841285
15949,0.824312178,0.730600623
15950,0.822491733,0.730349773
15951,0.822491733,0.732858267
15952,0.820853333,0.732105718
15953,0.822127644,0.734363364
15954,0.823766044,0.735366764
15955,0.822491733,0.736119314
15956,0.824676267,0.736871864
15957,0.825768533,0.736119314
15958,0.825404444,0.733610815
15959,0.827042844,0.733610815
15960,0.827042844,0.735115914
15961,0.826678756,0.736871864
15962,0.826132622,0.738376966
15963,0.261430756,0.43813873
15964,0.346991644,0.390236541
15965,0.811933156,0.476260925
15966,0.7629632,0.481778691
15967,0.8170304,0.71329213
15968,0.777890844,0.703007468
15969,0.583467378,0.351614936
15970,0.341530311,0.367163775
15971,0.322961778,0.295690588
15972,0.125753031,0.299903651
15973,0.165347698,0.303815791
15974,0.359297849,0.379201696
15975,0.605385529,0.442678231
15976,0.085848889,0.328417366
15977,0.352946682,0.358592884
15978,0.880527502,0.476210764
15979,0.759245852,0.471668655
15980,0.896019484,0.795597029
15981,0.8145728,0.635632111
15982,0.127264,0.298724995
15983,0.774286364,0.708049452
15984,0.909873067,0.825499824
15985,0.370912284,0.279590777
15986,0.375099307,0.363351787
15987,0.777417529,0.668692318
15988,0.313786738,0.528605264
15989,0.25817216,0.725658903
15990,0.193692018,0.332680677
15991,0.512815929,0.489001978
15992,0.730923378,0.6133081
15993,0.366525013,0.612129201
15994,0.740146192,0.470804005
15995,0.746888676,0.493165416
15996,0.652753493,0.423818074
15997,0.650449167,0.455082162
15998,0.631077263,0.515224535
15999,0.845316868,0.529000462
16000,0.494848142,0.411228047
16001,0.89188492,0.555668878
16002,0.334958507,0.632722446
16003,0.821763556,0.626526885
16004,0.601180459,0.503183437
16005,0.598886542,0.497479352
16006,0.567180407,0.290290577
16007,0.481722738,0.478217222
16008,0.556160711,0.512803955
16009,0.620622649,0.503799791
16010,0.751676444,0.492345017
16011,0.860655531,0.571151732
16012,0.827689102,0.515816224
16013,0.914151111,0.511625134
16014,0.8473408,0.522159313
16015,0.854107392,0.566589273
16016,0.45363328,0.434276403
16017,0.597055488,0.504891113
16018,0.602163342,0.493165416
16019,0.801083307,0.564999062
16020,0.262541227,0.461312898
16021,0.753606116,0.49720346
16022,0.343915093,0.361821979
16023,0.646108871,0.5017933
16024,0.647575589,0.488768665
16025,0.703825589,0.46494054
16026,0.264079495,0.443749134
16027,0.578825589,0.433202259
16028,0.773454496,0.452928822
16029,0.748552152,0.492674915
16030,0.772966215,0.495311632
16031,0.883903713,0.474413196
16032,0.903825588,0.825292103
16033,0.599341653,0.497178379
16034,0.711833402,0.41337804
16035,0.57960684,0.42871007
16036,0.766716214,0.482323353
16037,0.709880276,0.453612414
16038,0.758958222,0.502370166
16039,0.894792387,0.517333118
16040,0.596447147,0.505956773
16041,0.301182002,0.437563205
16042,0.607626998,0.364582905
16043,0.56954312,0.43591437
16044,0.510267307,0.46991552
16045,0.603237404,0.618174205
16046,0.569449956,0.470943825
16047,0.149727056,0.397171746
16048,0.711244373,0.467156656
16049,0.868676409,0.483057812
16050,0.860520818,0.481226913
16051,0.783807289,0.514986031
16052,0.767987627,0.471445437
16053,0.768916053,0.472774711
16054,0.746397156,0.462993289
16055,0.716325589,0.478905385
16056,0.694751147,0.464247314
16057,0.73068672,0.515487658
16058,0.599924196,0.494795681
16059,0.349376427,0.398186695
16060,0.888927033,0.56815942
16061,0.701068089,0.422112646
16062,0.777945458,0.477690526
16063,0.276285582,0.462090392
16064,0.546093653,0.599035955
16065,0.287972836,0.36774059
16066,0.345149355,0.50573355
