timestamp,sp_id,sr_id,sr_type,T_D,T_I,Trust
0,0,278,2,1.0,0.75,0.875
0,1,4,1,1.0,0.75,0.875
0,1,25,1,1.0,0.75,0.875
0,3,391,11,1.0,0.75,0.875
0,3,392,11,1.0,0.75,0.875
0,3,393,11,1.0,0.75,0.875
0,4,161,1,1.0,0.75,0.875
0,4,377,11,1.0,0.75,0.875
0,4,379,11,1.0,0.75,0.875
0,4,380,11,1.0,0.75,0.875
0,4,384,11,1.0,0.75,0.875
0,6,17,1,1.0,0.75,0.875
0,7,53,1,1.0,0.75,0.875
0,9,17,1,1.0,0.8333333333333333,0.9166666666666666
0,10,25,1,1.0,0.8333333333333333,0.9166666666666666
0,10,142,1,1.0,0.75,0.875
0,12,176,1,1.0,0.75,0.875
0,14,173,1,1.0,0.75,0.875
0,14,318,2,1.0,0.75,0.875
0,17,6,1,1.0,0.75,0.875
0,17,90,1,1.0,0.75,0.875
0,17,146,1,1.0,0.75,0.875
0,17,318,2,1.0,0.8333333333333333,0.9166666666666666
0,17,377,11,1.0,0.8333333333333333,0.9166666666666666
0,17,379,11,1.0,0.8333333333333333,0.9166666666666666
0,17,380,11,1.0,0.8333333333333333,0.9166666666666666
0,21,85,1,1.0,0.75,0.875
0,21,257,2,1.0,0.75,0.875
0,23,297,2,1.0,0.75,0.875
0,23,354,4,1.0,0.75,0.875
0,25,175,1,1.0,0.75,0.875
0,26,377,11,1.0,0.875,0.9375
0,26,379,11,1.0,0.875,0.9375
0,26,380,11,1.0,0.875,0.9375
0,26,391,11,1.0,0.8333333333333333,0.9166666666666666
0,26,392,11,1.0,0.8333333333333333,0.9166666666666666
0,26,393,11,1.0,0.8333333333333333,0.9166666666666666
0,27,4,1,1.0,0.8333333333333333,0.9166666666666666
0,27,161,1,1.0,0.8333333333333333,0.9166666666666666
0,27,329,2,1.0,0.75,0.875
0,28,32,1,1.0,0.75,0.875
0,28,161,1,1.0,0.875,0.9375
0,30,4,1,1.0,0.875,0.9375
0,30,17,1,1.0,0.875,0.9375
0,30,200,1,1.0,0.75,0.875
0,32,28,1,1.0,0.75,0.875
0,38,161,1,1.0,0.9,0.95
0,38,197,1,1.0,0.75,0.875
0,41,84,1,1.0,0.75,0.875
0,41,165,1,1.0,0.75,0.875
0,41,392,11,1.0,0.875,0.9375
0,41,393,11,1.0,0.875,0.9375
0,43,25,1,1.0,0.875,0.9375
0,43,176,1,1.0,0.8333333333333333,0.9166666666666666
0,44,313,2,1.0,0.75,0.875
0,45,181,1,1.0,0.75,0.875
0,45,261,2,1.0,0.75,0.875
0,45,380,11,1.0,0.9,0.95
0,45,391,11,1.0,0.875,0.9375
0,45,392,11,1.0,0.9,0.95
0,45,393,11,1.0,0.9,0.95
0,46,25,1,1.0,0.9,0.95
0,46,213,2,1.0,0.75,0.875
0,48,223,2,1.0,0.75,0.875
0,48,392,11,1.0,0.9166666666666667,0.9583333333333334
0,48,393,11,1.0,0.9166666666666667,0.9583333333333334
0,49,4,1,1.0,0.9,0.95
0,51,243,2,1.0,0.75,0.875
0,52,200,1,1.0,0.8333333333333333,0.9166666666666666
0,53,7,1,1.0,0.75,0.875
0,55,161,1,1.0,0.9166666666666667,0.9583333333333334
0,55,176,1,1.0,0.875,0.9375
0,58,95,1,1.0,0.75,0.875
0,59,377,11,1.0,0.9,0.95
0,59,379,11,1.0,0.9,0.95
0,59,380,11,1.0,0.9166666666666667,0.9583333333333334
0,62,176,1,1.0,0.9,0.95
0,62,391,11,1.0,0.9,0.95
0,62,392,11,1.0,0.9285714285714285,0.9642857142857142
0,62,393,11,1.0,0.9285714285714285,0.9642857142857142
0,63,290,2,1.0,0.75,0.875
0,64,84,1,1.0,0.8333333333333333,0.9166666666666666
0,64,392,11,1.0,0.9375,0.96875
0,64,393,11,1.0,0.9375,0.96875
0,65,176,1,1.0,0.9166666666666667,0.9583333333333334
0,66,25,1,1.0,0.9166666666666667,0.9583333333333334
0,66,161,1,1.0,0.9285714285714285,0.9642857142857142
0,66,295,2,1.0,0.75,0.875
0,67,384,11,1.0,0.8333333333333333,0.9166666666666666
0,67,391,11,1.0,0.9166666666666667,0.9583333333333334
0,67,392,11,1.0,0.9444444444444444,0.9722222222222222
0,67,393,11,1.0,0.9444444444444444,0.9722222222222222
0,69,369,4,1.0,0.75,0.875
0,70,176,1,1.0,0.9285714285714285,0.9642857142857142
0,71,222,2,1.0,0.75,0.875
0,72,392,11,1.0,0.9500000000000001,0.9750000000000001
0,72,393,11,1.0,0.9500000000000001,0.9750000000000001
0,74,4,1,1.0,0.9166666666666667,0.9583333333333334
0,75,330,2,1.0,0.75,0.875
0,79,4,1,1.0,0.9285714285714285,0.9642857142857142
0,81,6,1,1.0,0.8333333333333333,0.9166666666666666
0,81,17,1,1.0,0.9,0.95
0,81,90,1,1.0,0.8333333333333333,0.9166666666666666
0,81,142,1,1.0,0.8333333333333333,0.9166666666666666
0,82,6,1,1.0,0.875,0.9375
0,82,180,1,1.0,0.75,0.875
0,86,6,1,1.0,0.9,0.95
0,86,84,1,1.0,0.875,0.9375
0,88,29,1,1.0,0.75,0.875
0,90,17,1,1.0,0.9166666666666667,0.9583333333333334
0,90,318,2,1.0,0.875,0.9375
0,90,384,11,1.0,0.875,0.9375
0,91,4,1,1.0,0.9375,0.96875
0,91,17,1,1.0,0.9285714285714285,0.9642857142857142
0,92,197,1,1.0,0.8333333333333333,0.9166666666666666
0,93,283,2,1.0,0.75,0.875
0,96,4,1,1.0,0.9444444444444444,0.9722222222222222
0,96,161,1,1.0,0.9375,0.96875
0,96,176,1,1.0,0.9375,0.96875
0,96,197,1,1.0,0.875,0.9375
0,97,176,1,1.0,0.9444444444444444,0.9722222222222222
0,99,176,1,1.0,0.9500000000000001,0.9750000000000001
0,100,377,11,1.0,0.9166666666666667,0.9583333333333334
0,100,379,11,1.0,0.9166666666666667,0.9583333333333334
0,100,380,11,1.0,0.9285714285714285,0.9642857142857142
0,101,4,1,1.0,0.9500000000000001,0.9750000000000001
0,101,268,2,1.0,0.75,0.875
0,102,4,1,1.0,0.9545454545454545,0.9772727272727273
0,103,392,11,1.0,0.9545454545454545,0.9772727272727273
0,103,393,11,1.0,0.9545454545454545,0.9772727272727273
0,104,25,1,1.0,0.9285714285714285,0.9642857142857142
0,104,181,1,1.0,0.8333333333333333,0.9166666666666666
0,104,200,1,1.0,0.875,0.9375
0,105,377,11,1.0,0.9285714285714285,0.9642857142857142
0,105,379,11,1.0,0.9285714285714285,0.9642857142857142
0,105,380,11,1.0,0.9375,0.96875
0,110,161,1,1.0,0.9444444444444444,0.9722222222222222
0,110,294,2,1.0,0.75,0.875
0,111,4,1,1.0,0.9583333333333333,0.9791666666666666
0,112,318,2,1.0,0.9,0.95
0,113,4,1,1.0,0.9615384615384616,0.9807692307692308
0,113,142,1,1.0,0.875,0.9375
0,115,78,1,1.0,0.75,0.875
0,116,236,2,1.0,0.75,0.875
0,119,200,1,1.0,0.9,0.95
0,119,392,11,1.0,0.9583333333333333,0.9791666666666666
0,119,393,11,1.0,0.9583333333333333,0.9791666666666666
0,120,161,1,1.0,0.9500000000000001,0.9750000000000001
0,120,230,2,1.0,0.75,0.875
0,123,55,1,1.0,0.75,0.875
0,126,67,1,1.0,0.75,0.875
0,129,176,1,1.0,0.9545454545454545,0.9772727272727273
0,129,197,1,1.0,0.9,0.95
0,132,4,1,1.0,0.9642857142857143,0.9821428571428572
0,132,55,1,1.0,0.8333333333333333,0.9166666666666666
0,132,161,1,1.0,0.9545454545454545,0.9772727272727273
0,132,180,1,1.0,0.8333333333333333,0.9166666666666666
0,133,175,1,1.0,0.8333333333333333,0.9166666666666666
0,133,368,4,1.0,0.75,0.875
0,136,384,11,1.0,0.9,0.95
0,138,6,1,1.0,0.9166666666666667,0.9583333333333334
0,138,17,1,1.0,0.9375,0.96875
0,138,318,2,1.0,0.9166666666666667,0.9583333333333334
0,139,4,1,1.0,0.9666666666666667,0.9833333333333334
0,139,55,1,1.0,0.875,0.9375
0,139,161,1,1.0,0.9583333333333333,0.9791666666666666
0,139,274,2,1.0,0.75,0.875
0,140,197,1,1.0,0.9166666666666667,0.9583333333333334
0,141,342,4,1.0,0.75,0.875
0,142,173,1,1.0,0.8333333333333333,0.9166666666666666
0,145,4,1,1.0,0.96875,0.984375
0,145,377,11,1.0,0.9375,0.96875
0,145,379,11,1.0,0.9375,0.96875
0,145,380,11,1.0,0.9444444444444444,0.9722222222222222
0,146,17,1,1.0,0.9444444444444444,0.9722222222222222
0,148,172,1,1.0,0.75,0.875
0,148,384,11,1.0,0.9166666666666667,0.9583333333333334
0,150,55,1,1.0,0.9,0.95
0,151,20,1,1.0,0.75,0.875
0,151,175,1,1.0,0.875,0.9375
0,153,20,1,1.0,0.8333333333333333,0.9166666666666666
0,154,25,1,1.0,0.9375,0.96875
0,154,176,1,1.0,0.9583333333333333,0.9791666666666666
0,156,25,1,1.0,0.9444444444444444,0.9722222222222222
0,160,172,1,1.0,0.8333333333333333,0.9166666666666666
0,161,4,1,1.0,0.9705882352941176,0.9852941176470589
0,161,28,1,1.0,0.8333333333333333,0.9166666666666666
0,161,55,1,1.0,0.9166666666666667,0.9583333333333334
0,161,176,1,1.0,0.9615384615384616,0.9807692307692308
0,161,197,1,1.0,0.9285714285714285,0.9642857142857142
0,161,377,11,1.0,0.9444444444444444,0.9722222222222222
0,161,379,11,1.0,0.9444444444444444,0.9722222222222222
0,162,391,11,1.0,0.9285714285714285,0.9642857142857142
0,162,392,11,1.0,0.9615384615384616,0.9807692307692308
0,162,393,11,1.0,0.9615384615384616,0.9807692307692308
0,163,286,2,1.0,0.75,0.875
0,163,384,11,1.0,0.9285714285714285,0.9642857142857142
0,163,391,11,1.0,0.9375,0.96875
0,163,392,11,1.0,0.9642857142857143,0.9821428571428572
0,163,393,11,1.0,0.9642857142857143,0.9821428571428572
0,165,346,4,1.0,0.75,0.875
0,165,384,11,1.0,0.9375,0.96875
0,166,142,1,1.0,0.9,0.95
0,166,393,11,1.0,0.9666666666666667,0.9833333333333334
0,167,247,2,1.0,0.75,0.875
0,173,142,1,1.0,0.9166666666666667,0.9583333333333334
0,173,200,1,1.0,0.9166666666666667,0.9583333333333334
0,173,305,2,1.0,0.75,0.875
0,173,318,2,1.0,0.9285714285714285,0.9642857142857142
0,174,67,1,1.0,0.8333333333333333,0.9166666666666666
0,175,25,1,1.0,0.9500000000000001,0.9750000000000001
0,176,55,1,1.0,0.9285714285714285,0.9642857142857142
0,176,70,1,1.0,0.75,0.875
0,176,161,1,1.0,0.9615384615384616,0.9807692307692308
0,176,377,11,1.0,0.9500000000000001,0.9750000000000001
0,176,379,11,1.0,0.9500000000000001,0.9750000000000001
0,176,380,11,1.0,0.9500000000000001,0.9750000000000001
0,176,384,11,1.0,0.9444444444444444,0.9722222222222222
0,177,28,1,1.0,0.875,0.9375
0,177,142,1,1.0,0.9285714285714285,0.9642857142857142
0,177,200,1,1.0,0.9285714285714285,0.9642857142857142
0,177,318,2,1.0,0.9375,0.96875
0,177,392,11,1.0,0.9666666666666667,0.9833333333333334
0,177,393,11,1.0,0.96875,0.984375
0,178,90,1,1.0,0.875,0.9375
0,178,200,1,1.0,0.9375,0.96875
0,178,228,2,1.0,0.75,0.875
0,184,165,1,1.0,0.8333333333333333,0.9166666666666666
0,184,349,4,1.0,0.75,0.875
0,187,172,1,1.0,0.875,0.9375
0,187,173,1,1.0,0.875,0.9375
0,187,200,1,1.0,0.9444444444444444,0.9722222222222222
0,189,6,1,1.0,0.9285714285714285,0.9642857142857142
0,189,314,2,1.0,0.75,0.875
0,192,28,1,1.0,0.9,0.95
0,192,95,1,1.0,0.8333333333333333,0.9166666666666666
0,192,161,1,1.0,0.9642857142857143,0.9821428571428572
0,192,384,11,1.0,0.9500000000000001,0.9750000000000001
0,193,4,1,1.0,0.9722222222222222,0.9861111111111112
0,193,161,1,1.0,0.9666666666666667,0.9833333333333334
0,197,161,1,1.0,0.96875,0.984375
0,200,173,1,1.0,0.9,0.95
0,200,304,2,1.0,0.75,0.875
0,200,318,2,1.0,0.9444444444444444,0.9722222222222222
0,201,269,2,1.0,0.75,0.875
0,203,32,1,1.0,0.8333333333333333,0.9166666666666666
0,207,17,1,1.0,0.9500000000000001,0.9750000000000001
0,214,28,1,1.0,0.9166666666666667,0.9583333333333334
0,218,161,1,1.0,0.9705882352941176,0.9852941176470589
0,221,32,1,1.0,0.875,0.9375
0,229,342,4,1.0,0.8333333333333333,0.9166666666666666
0,232,78,1,1.0,0.8333333333333333,0.9166666666666666
0,234,55,1,1.0,0.9375,0.96875
0,234,161,1,1.0,0.9722222222222222,0.9861111111111112
0,234,197,1,1.0,0.9375,0.96875
0,237,186,1,1.0,0.75,0.875
0,244,379,11,1.0,0.9545454545454545,0.9772727272727273
0,244,380,11,1.0,0.9545454545454545,0.9772727272727273
0,246,176,1,1.0,0.9642857142857143,0.9821428571428572
0,248,6,1,1.0,0.9375,0.96875
0,251,94,1,1.0,0.75,0.875
0,273,197,1,1.0,0.9444444444444444,0.9722222222222222
0,277,146,1,1.0,0.8333333333333333,0.9166666666666666
0,282,53,1,1.0,0.8333333333333333,0.9166666666666666
0,288,142,1,1.0,0.9375,0.96875
0,289,165,1,1.0,0.875,0.9375
0,289,346,4,1.0,0.8333333333333333,0.9166666666666666
0,296,161,1,1.0,0.9736842105263157,0.9868421052631579
0,297,354,4,1.0,0.8333333333333333,0.9166666666666666
0,299,67,1,1.0,0.875,0.9375
0,304,200,1,1.0,0.9500000000000001,0.9750000000000001
0,305,173,1,1.0,0.9166666666666667,0.9583333333333334
0,306,24,1,1.0,0.75,0.875
0,309,180,1,1.0,0.875,0.9375
0,315,369,4,1.0,0.8333333333333333,0.9166666666666666
0,317,77,1,1.0,0.75,0.875
0,318,17,1,1.0,0.9545454545454545,0.9772727272727273
0,318,90,1,1.0,0.9,0.95
0,318,173,1,1.0,0.9285714285714285,0.9642857142857142
0,318,200,1,1.0,0.9545454545454545,0.9772727272727273
0,319,25,1,1.0,0.9545454545454545,0.9772727272727273
0,322,4,1,1.0,0.9736842105263157,0.9868421052631579
0,322,161,1,1.0,0.975,0.9875
0,334,269,2,1.0,0.8333333333333333,0.9166666666666666
0,335,6,1,1.0,0.9444444444444444,0.9722222222222222
0,346,165,1,1.0,0.9,0.95
0,352,95,1,1.0,0.875,0.9375
0,354,297,2,1.0,0.8333333333333333,0.9166666666666666
0,356,261,2,1.0,0.8333333333333333,0.9166666666666666
0,357,70,1,1.0,0.8333333333333333,0.9166666666666666
0,358,175,1,1.0,0.9,0.95
0,371,283,2,1.0,0.8333333333333333,0.9166666666666666
0,373,200,1,1.0,0.9583333333333333,0.9791666666666666
0,373,304,2,1.0,0.8333333333333333,0.9166666666666666
0,374,95,1,1.0,0.9,0.95
0,375,6,1,1.0,0.9500000000000001,0.9750000000000001
0,375,200,1,1.0,0.9615384615384616,0.9807692307692308
0,375,318,2,1.0,0.9500000000000001,0.9750000000000001
0,376,4,1,1.0,0.975,0.9875
0,376,17,1,1.0,0.9583333333333333,0.9791666666666666
0,376,161,1,1.0,0.9761904761904762,0.9880952380952381
0,376,176,1,1.0,0.9666666666666667,0.9833333333333334
0,377,4,1,1.0,0.9761904761904762,0.9880952380952381
0,377,17,1,1.0,0.9615384615384616,0.9807692307692308
0,377,161,1,1.0,0.9772727272727273,0.9886363636363636
0,377,176,1,1.0,0.96875,0.984375
0,378,4,1,1.0,0.9772727272727273,0.9886363636363636
0,378,17,1,1.0,0.9642857142857143,0.9821428571428572
0,378,161,1,1.0,0.9782608695652174,0.9891304347826086
0,378,176,1,1.0,0.9705882352941176,0.9852941176470589
0,379,4,1,1.0,0.9782608695652174,0.9891304347826086
0,379,17,1,1.0,0.9666666666666667,0.9833333333333334
0,379,161,1,1.0,0.9791666666666667,0.9895833333333334
0,379,176,1,1.0,0.9722222222222222,0.9861111111111112
0,380,4,1,1.0,0.9791666666666667,0.9895833333333334
0,380,17,1,1.0,0.96875,0.984375
0,380,176,1,1.0,0.9736842105263157,0.9868421052631579
0,381,4,1,1.0,0.98,0.99
0,381,67,1,1.0,0.9,0.95
0,381,90,1,1.0,0.9166666666666667,0.9583333333333334
0,381,161,1,1.0,0.98,0.99
0,381,165,1,1.0,0.9166666666666667,0.9583333333333334
0,381,176,1,1.0,0.975,0.9875
0,382,4,1,1.0,0.9807692307692308,0.9903846153846154
0,382,67,1,1.0,0.9166666666666667,0.9583333333333334
0,382,90,1,1.0,0.9285714285714285,0.9642857142857142
0,382,165,1,1.0,0.9285714285714285,0.9642857142857142
0,382,176,1,1.0,0.9761904761904762,0.9880952380952381
0,383,4,1,1.0,0.9814814814814814,0.9907407407407407
0,383,67,1,1.0,0.9285714285714285,0.9642857142857142
0,383,90,1,1.0,0.9375,0.96875
0,383,165,1,1.0,0.9375,0.96875
0,383,176,1,1.0,0.9772727272727273,0.9886363636363636
0,384,4,1,1.0,0.9821428571428572,0.9910714285714286
0,384,67,1,1.0,0.9375,0.96875
0,384,90,1,1.0,0.9444444444444444,0.9722222222222222
0,384,165,1,1.0,0.9444444444444444,0.9722222222222222
0,384,176,1,1.0,0.9782608695652174,0.9891304347826086
0,385,4,1,1.0,0.9827586206896552,0.9913793103448276
0,385,67,1,1.0,0.9444444444444444,0.9722222222222222
0,385,90,1,1.0,0.9500000000000001,0.9750000000000001
0,385,165,1,1.0,0.9500000000000001,0.9750000000000001
0,385,176,1,1.0,0.9791666666666667,0.9895833333333334
0,386,17,1,1.0,0.9705882352941176,0.9852941176470589
0,386,67,1,1.0,0.9500000000000001,0.9750000000000001
0,387,17,1,1.0,0.9722222222222222,0.9861111111111112
0,387,67,1,1.0,0.9545454545454545,0.9772727272727273
0,387,180,1,1.0,0.9,0.95
0,388,17,1,1.0,0.9736842105263157,0.9868421052631579
0,388,67,1,1.0,0.9583333333333333,0.9791666666666666
0,388,180,1,1.0,0.9166666666666667,0.9583333333333334
0,389,67,1,1.0,0.9615384615384616,0.9807692307692308
0,390,67,1,1.0,0.9642857142857143,0.9821428571428572
0,391,67,1,1.0,0.9666666666666667,0.9833333333333334
0,392,67,1,1.0,0.96875,0.984375
0,393,67,1,1.0,0.9705882352941176,0.9852941176470589
0,394,67,1,1.0,0.9722222222222222,0.9861111111111112
1,0,278,2,0.25,0.953125,0.6015625
1,1,4,1,0.9758620689655172,0.9796610169491524,0.9777615429573348
1,1,25,1,1.0,0.9545454545454545,0.9772727272727273
1,3,391,11,0.8875,0.9631578947368422,0.9253289473684211
1,3,392,11,0.9533333333333334,0.9733333333333333,0.9633333333333334
1,3,393,11,0.975,0.94375,0.959375
1,4,161,1,0.96,0.9727272727272727,0.9663636363636363
1,4,377,11,0.97,0.9199999999999999,0.945
1,4,379,11,0.9363636363636364,0.9707317073170731,0.9535476718403548
1,4,380,11,0.9818181818181818,0.9363636363636364,0.9590909090909091
1,4,384,11,0.91,0.965,0.9375
1,6,17,1,0.9736842105263158,0.9795918367346939,0.9766380236305048
1,7,53,1,0.9333333333333333,0.7666666666666666,0.85
1,9,17,1,0.9299999999999999,0.9612244897959185,0.9456122448979591
1,10,25,1,0.975,0.9272727272727271,0.9511363636363636
1,10,142,1,0.9625,0.9,0.93125
1,12,176,1,0.9791666666666666,0.9814814814814815,0.9803240740740741
1,14,173,1,0.9285714285714286,0.9729729729729729,0.9507722007722008
1,14,318,2,0.94,0.9724999999999999,0.9562499999999999
1,17,6,1,0.94,0.9724999999999999,0.9562499999999999
1,17,90,1,0.92,0.9675,0.9437500000000001
1,17,146,1,0.7,0.9575757575757576,0.8287878787878789
1,17,318,2,0.8818181818181818,0.9550000000000001,0.918409090909091
1,17,377,11,0.9545454545454546,0.9,0.9272727272727272
1,17,379,11,0.8583333333333334,0.9463414634146341,0.9023373983739837
1,17,380,11,0.975,0.9272727272727271,0.9511363636363636
1,21,85,1,0.325,0.9625,0.64375
1,21,257,2,0.75,0.96875,0.859375
1,23,297,2,0.8666666666666667,0.7,0.7833333333333333
1,23,354,4,0.8333333333333334,0.9696969696969697,0.9015151515151516
1,25,175,1,0.92,0.82,0.87
1,26,377,11,0.9166666666666666,0.9624999999999999,0.9395833333333332
1,26,379,11,0.7923076923076923,0.921951219512195,0.8571294559099436
1,26,380,11,0.9692307692307692,0.9181818181818181,0.9437062937062937
1,26,391,11,0.7888888888888889,0.9368421052631579,0.8628654970760234
1,26,392,11,0.89375,0.951111111111111,0.9224305555555555
1,26,393,11,0.9764705882352941,0.94375,0.960110294117647
1,27,4,1,0.96,0.971186440677966,0.965593220338983
1,27,161,1,0.9346153846153846,0.9599999999999999,0.9473076923076922
1,27,329,2,0.75,0.96875,0.859375
1,28,32,1,0.975,0.85,0.9125
1,28,161,1,0.9185185185185185,0.9509090909090908,0.9347138047138046
1,30,4,1,0.9387096774193548,0.9593220338983051,0.94901585565883
1,30,17,1,0.8952380952380953,0.9448979591836735,0.9200680272108843
1,30,200,1,0.9846153846153847,0.9461538461538462,0.9653846153846155
1,32,28,1,0.95,0.8666666666666667,0.9083333333333333
1,38,161,1,0.8892857142857142,0.9345454545454545,0.9119155844155844
1,38,197,1,0.9222222222222223,0.9692307692307691,0.9457264957264957
1,41,84,1,0.925,0.8,0.8625
1,41,165,1,0.92,0.9675,0.9437500000000001
1,41,392,11,0.8470588235294118,0.931111111111111,0.8890849673202614
1,41,393,11,0.9555555555555556,0.91875,0.9371527777777777
1,43,25,1,0.9538461538461538,0.9,0.926923076923077
1,43,176,1,0.976,0.9796296296296296,0.9778148148148148
1,44,313,2,0.95,0.7,0.825
1,45,181,1,1.0,0.8333333333333333,0.9166666666666666
1,45,261,2,0.9333333333333333,0.7666666666666666,0.85
1,45,380,11,0.95,0.890909090909091,0.9204545454545454
1,45,391,11,0.76,0.9236842105263159,0.841842105263158
1,45,392,11,0.8111111111111111,0.9133333333333333,0.8622222222222222
1,45,393,11,0.9315789473684211,0.9608695652173914,0.9462242562929062
1,46,25,1,0.9571428571428572,0.9,0.9285714285714286
1,46,213,2,0.75,0.96875,0.859375
1,48,223,2,0.95,0.7,0.825
1,48,392,11,0.7894736842105263,0.8999999999999999,0.8447368421052631
1,48,393,11,0.91,0.9500000000000001,0.93
1,49,4,1,0.91875,0.947457627118644,0.9331038135593219
1,51,243,2,0.95,0.7,0.825
1,52,200,1,0.9642857142857143,0.923076923076923,0.9436813186813187
1,53,7,1,0.9,0.65,0.775
1,55,161,1,0.8689655172413793,0.9218181818181819,0.8953918495297806
1,55,176,1,0.9615384615384616,0.9722222222222222,0.9668803418803419
1,58,95,1,0.84,0.9628571428571429,0.9014285714285715
1,59,377,11,0.8846153846153846,0.95,0.9173076923076923
1,59,379,11,0.7642857142857142,0.9073170731707317,0.8358013937282229
1,59,380,11,0.94,0.8727272727272727,0.9063636363636363
1,62,176,1,0.962962962962963,0.9722222222222222,0.9675925925925926
1,62,391,11,0.7,0.9000000000000001,0.8
1,62,392,11,0.75,0.8777777777777778,0.8138888888888889
1,62,393,11,0.9,0.9434782608695652,0.9217391304347826
1,63,290,2,0.325,0.9625,0.64375
1,64,84,1,0.94,0.8,0.87
1,64,392,11,0.719047619047619,0.8577777777777778,0.7884126984126985
1,64,393,11,0.8954545454545455,0.9391304347826088,0.9172924901185772
1,65,176,1,0.95,0.9648148148148149,0.9574074074074075
1,66,25,1,0.9333333333333333,0.8636363636363636,0.8984848484848484
1,66,161,1,0.8566666666666667,0.9127272727272727,0.8846969696969698
1,66,295,2,0.7,0.965625,0.8328125
1,67,384,11,0.8727272727272728,0.9525,0.9126136363636363
1,67,391,11,0.3375,0.8842105263157896,0.6108552631578947
1,67,392,11,0.7090909090909091,0.8466666666666667,0.7778787878787878
1,67,393,11,0.8913043478260869,0.9347826086956522,0.9130434782608696
1,69,369,4,0.7666666666666666,0.9636363636363636,0.8651515151515151
1,70,176,1,0.9379310344827586,0.9574074074074075,0.947669220945083
1,71,222,2,0.75,0.96875,0.859375
1,72,392,11,0.34347826086956523,0.8288888888888888,0.586183574879227
1,72,393,11,0.8833333333333333,0.9282608695652175,0.9057971014492754
1,74,4,1,0.8939393939393939,0.9322033898305084,0.9130713918849511
1,75,330,2,0.25,0.953125,0.6015625
1,79,4,1,0.8676470588235294,0.9152542372881356,0.8914506480558325
1,81,6,1,0.8818181818181818,0.9550000000000001,0.918409090909091
1,81,17,1,0.8727272727272728,0.9326530612244899,0.9026901669758813
1,81,90,1,0.8727272727272728,0.9525,0.9126136363636363
1,81,142,1,0.9555555555555556,0.8875,0.9215277777777777
1,82,6,1,0.8083333333333333,0.93,0.8691666666666666
1,82,180,1,0.9333333333333333,0.85,0.8916666666666666
1,86,6,1,0.7461538461538462,0.905,0.8255769230769231
1,86,84,1,0.8833333333333333,0.7,0.7916666666666666
1,88,29,1,0.25,0.953125,0.6015625
1,90,17,1,0.8347826086956522,0.9122448979591837,0.873513753327418
1,90,318,2,0.8083333333333333,0.93,0.8691666666666666
1,90,384,11,0.8,0.9275,0.86375
1,91,4,1,0.8542857142857143,0.9050847457627118,0.8796852300242131
1,91,17,1,0.8,0.8918367346938776,0.8459183673469388
1,92,197,1,0.85,0.9487179487179487,0.8993589743589743
1,93,283,2,0.7333333333333334,0.9606060606060606,0.8469696969696969
1,96,4,1,0.8388888888888889,0.8932203389830509,0.8660546139359699
1,96,161,1,0.832258064516129,0.8963636363636363,0.8643108504398826
1,96,176,1,0.9366666666666666,0.9555555555555556,0.9461111111111111
1,96,197,1,0.7909090909090909,0.9282051282051282,0.8595571095571095
1,97,176,1,0.9225806451612903,0.9462962962962964,0.9344384707287934
1,99,176,1,0.915625,0.9407407407407408,0.9281828703703704
1,100,377,11,0.8785714285714286,0.9449999999999998,0.9117857142857142
1,100,379,11,0.74,0.8926829268292683,0.8163414634146342
1,100,380,11,0.94375,0.8727272727272727,0.9082386363636363
1,101,4,1,0.8162162162162162,0.876271186440678,0.8462437013284472
1,101,268,2,1.0,0.75,0.875
1,102,4,1,0.8078947368421052,0.8677966101694915,0.8378456735057984
1,103,392,11,0.32916666666666666,0.8066666666666665,0.5679166666666666
1,103,393,11,0.872,0.9195652173913044,0.8957826086956522
1,104,25,1,0.91875,0.8363636363636363,0.8775568181818181
1,104,181,1,1.0,0.8333333333333333,0.9166666666666666
1,104,200,1,0.9333333333333333,0.9651162790697675,0.9492248062015505
1,105,377,11,0.8866666666666667,0.9449999999999998,0.9158333333333333
1,105,379,11,0.71875,0.8780487804878049,0.7983993902439024
1,105,380,11,0.9352941176470588,0.8545454545454545,0.8949197860962567
1,110,161,1,0.80625,0.8781818181818181,0.842215909090909
1,110,294,2,0.95,0.7,0.825
1,111,4,1,0.7871794871794872,0.8508474576271187,0.8190134724033029
1,112,318,2,0.7846153846153846,0.9175,0.8510576923076922
1,113,4,1,0.7725,0.8372881355932202,0.8048940677966101
1,113,142,1,0.94,0.8625,0.90125
1,115,78,1,0.7333333333333334,0.9606060606060606,0.8469696969696969
1,116,236,2,0.75,0.96875,0.859375
1,119,200,1,0.925,0.9604651162790697,0.9427325581395349
1,119,392,11,0.326,0.7955555555555555,0.5607777777777777
1,119,393,11,0.8692307692307693,0.9152173913043479,0.8922240802675585
1,120,161,1,0.793939393939394,0.8672727272727273,0.8306060606060606
1,120,230,2,0.75,0.96875,0.859375
1,123,55,1,0.975,0.9125,0.94375
1,126,67,1,0.9722222222222222,0.9791666666666666,0.9756944444444444
1,129,176,1,0.9121212121212121,0.9370370370370371,0.9245791245791246
1,129,197,1,0.7333333333333334,0.905128205128205,0.8192307692307692
1,132,4,1,0.7585365853658537,0.823728813559322,0.7911326994625878
1,132,55,1,0.9555555555555556,0.8875,0.9215277777777777
1,132,161,1,0.7823529411764706,0.8563636363636363,0.8193582887700535
1,132,180,1,0.8714285714285714,0.9611111111111111,0.9162698412698413
1,133,175,1,0.8666666666666667,0.74,0.8033333333333333
1,133,368,4,0.275,0.95625,0.6156250000000001
1,136,384,11,0.7384615384615385,0.9025,0.8204807692307692
1,138,6,1,0.7285714285714286,0.8925000000000001,0.8105357142857144
1,138,17,1,0.768,0.8714285714285716,0.8197142857142858
1,138,318,2,0.7642857142857142,0.905,0.8346428571428571
1,139,4,1,0.7452380952380953,0.8101694915254236,0.7777037933817594
1,139,55,1,0.9299999999999999,0.85,0.8899999999999999
1,139,161,1,0.7628571428571429,0.84,0.8014285714285714
1,139,274,2,0.3,0.959375,0.6296875
1,140,197,1,0.3423076923076923,0.8820512820512819,0.6121794871794871
1,141,342,4,0.9333333333333333,0.7666666666666666,0.85
1,142,173,1,0.8875,0.9621621621621622,0.9248310810810811
1,145,4,1,0.727906976744186,0.7932203389830508,0.7605636578636183
1,145,377,11,0.875,0.9375,0.90625
1,145,379,11,0.7058823529411764,0.8658536585365854,0.7858680057388809
1,145,380,11,0.9333333333333333,0.8454545454545455,0.8893939393939394
1,146,17,1,0.7461538461538462,0.8551020408163265,0.8006279434850863
1,148,172,1,0.85,0.9676470588235293,0.9088235294117646
1,148,384,11,0.3464285714285714,0.88,0.6132142857142857
1,150,55,1,0.9090909090909091,0.8125,0.8607954545454546
1,151,20,1,0.9,0.7333333333333333,0.8166666666666667
1,151,175,1,0.8857142857142857,0.74,0.8128571428571428
1,153,20,1,0.875,0.6666666666666666,0.7708333333333333
1,154,25,1,0.9,0.8,0.8500000000000001
1,154,176,1,0.9088235294117647,0.9333333333333333,0.9210784313725491
1,156,25,1,0.9,0.7909090909090908,0.8454545454545455
1,160,172,1,0.74,0.9470588235294117,0.8435294117647059
1,161,4,1,0.7159090909090908,0.7796610169491526,0.7477850539291218
1,161,28,1,0.9142857142857143,0.8166666666666668,0.8654761904761905
1,161,55,1,0.9166666666666666,0.8125,0.8645833333333333
1,161,176,1,0.9114285714285715,0.9333333333333333,0.9223809523809524
1,161,197,1,0.33571428571428574,0.8692307692307691,0.6024725274725274
1,161,377,11,0.8823529411764706,0.9375,0.9099264705882353
1,161,379,11,0.3388888888888889,0.8463414634146342,0.5926151761517615
1,162,391,11,0.3192307692307692,0.8631578947368421,0.5911943319838057
1,162,392,11,0.3192307692307692,0.78,0.5496153846153846
1,162,393,11,0.8703703703703703,0.9130434782608696,0.8917069243156199
1,163,286,2,0.7,0.965625,0.8328125
1,163,384,11,0.32666666666666666,0.8574999999999999,0.5920833333333333
1,163,391,11,0.3,0.8394736842105264,0.5697368421052632
1,163,392,11,0.3111111111111111,0.7622222222222221,0.5366666666666666
1,163,393,11,0.8678571428571429,0.908695652173913,0.8882763975155279
1,165,346,4,0.8,0.9666666666666666,0.8833333333333333
1,165,384,11,0.30625,0.8324999999999999,0.569375
1,166,142,1,0.9181818181818182,0.825,0.8715909090909091
1,166,393,11,0.8586206896551725,0.9,0.8793103448275863
1,167,247,2,0.275,0.95625,0.6156250000000001
1,173,142,1,0.9166666666666666,0.8125,0.8645833333333333
1,173,200,1,0.9235294117647059,0.9581395348837211,0.9408344733242135
1,173,305,2,0.75,0.96875,0.859375
1,173,318,2,0.7466666666666666,0.8925000000000001,0.8195833333333333
1,174,67,1,0.9578947368421052,0.9729166666666667,0.965405701754386
1,175,25,1,0.9,0.7818181818181817,0.8409090909090908
1,176,55,1,0.8846153846153846,0.9473684210526316,0.9159919028340081
1,176,70,1,1.0,0.8333333333333333,0.9166666666666666
1,176,161,1,0.7472222222222222,0.8254545454545453,0.7863383838383837
1,176,377,11,0.8666666666666667,0.9275,0.8970833333333333
1,176,379,11,0.32894736842105265,0.8292682926829268,0.5791078305519897
1,176,380,11,0.9157894736842105,0.8090909090909091,0.8624401913875598
1,176,384,11,0.29411764705882354,0.8125,0.5533088235294118
1,177,28,1,0.8875,0.7666666666666666,0.8270833333333333
1,177,142,1,0.9153846153846154,0.8,0.8576923076923078
1,177,200,1,0.9111111111111111,0.9511627906976744,0.9311369509043927
1,177,318,2,0.7125,0.8724999999999999,0.7925
1,177,392,11,0.30714285714285716,0.7488888888888889,0.528015873015873
1,177,393,11,0.8466666666666667,0.8891304347826087,0.8678985507246377
1,178,90,1,0.825,0.9349999999999999,0.8799999999999999
1,178,200,1,0.8947368421052632,0.9418604651162791,0.9182986536107711
1,178,228,2,0.7,0.965625,0.8328125
1,184,165,1,0.8818181818181818,0.9550000000000001,0.918409090909091
1,184,349,4,0.9,0.65,0.775
1,187,172,1,0.3416666666666667,0.9294117647058824,0.6355392156862745
1,187,173,1,0.9,0.9621621621621622,0.9310810810810811
1,187,200,1,0.89,0.9372093023255813,0.9136046511627907
1,189,6,1,0.3433333333333333,0.8699999999999999,0.6066666666666666
1,189,314,2,0.275,0.95625,0.6156250000000001
1,192,28,1,0.8666666666666667,0.7166666666666667,0.7916666666666667
1,192,95,1,0.7833333333333333,0.9485714285714286,0.865952380952381
1,192,161,1,0.7297297297297297,0.8090909090909091,0.7694103194103195
1,192,384,11,0.28055555555555556,0.79,0.5352777777777777
1,193,4,1,0.7088888888888889,0.7694915254237288,0.7391902071563088
1,193,161,1,0.7131578947368421,0.7927272727272727,0.7529425837320574
1,197,161,1,0.7051282051282051,0.7818181818181817,0.7434731934731934
1,200,173,1,0.9,0.9594594594594594,0.9297297297297298
1,200,304,2,0.7666666666666666,0.9636363636363636,0.8651515151515151
1,200,318,2,0.34411764705882353,0.855,0.5995588235294118
1,201,269,2,1.0,0.8333333333333333,0.9166666666666666
1,203,32,1,0.92,0.775,0.8475
1,207,17,1,0.7259259259259259,0.8387755102040817,0.7823507180650038
1,214,28,1,0.85,0.6666666666666667,0.7583333333333333
1,218,161,1,0.34375,0.7636363636363636,0.5536931818181818
1,221,32,1,0.9,0.725,0.8125
1,229,342,4,0.825,0.9636363636363636,0.8943181818181818
1,232,78,1,0.3375,0.9454545454545454,0.6414772727272727
1,234,55,1,0.8785714285714286,0.9421052631578947,0.9103383458646617
1,234,161,1,0.33780487804878045,0.7490909090909091,0.5434478935698448
1,234,197,1,0.32999999999999996,0.8564102564102564,0.5932051282051282
1,237,186,1,0.75,0.96875,0.859375
1,244,379,11,0.3225,0.8146341463414634,0.5685670731707317
1,244,380,11,0.91,0.7909090909090908,0.8504545454545454
1,246,176,1,0.9055555555555556,0.9277777777777778,0.9166666666666667
1,248,6,1,0.33125,0.8525,0.591875
1,251,94,1,1.0,0.75,0.875
1,273,197,1,0.325,0.8435897435897435,0.5842948717948717
1,277,146,1,0.3125,0.9393939393939393,0.6259469696969697
1,282,53,1,0.85,0.6333333333333333,0.7416666666666667
1,288,142,1,0.9214285714285715,0.8,0.8607142857142858
1,289,165,1,0.8416666666666667,0.94,0.8908333333333334
1,289,346,4,0.3,0.9363636363636363,0.6181818181818182
1,296,161,1,0.32976190476190476,0.730909090909091,0.5303354978354978
1,297,354,4,0.75,0.9545454545454546,0.8522727272727273
1,299,67,1,0.94,0.9645833333333332,0.9522916666666665
1,304,200,1,0.8857142857142857,0.9325581395348836,0.9091362126245847
1,305,173,1,0.8636363636363636,0.9459459459459459,0.9047911547911548
1,306,24,1,0.75,0.96875,0.859375
1,309,180,1,0.8625,0.9555555555555555,0.9090277777777778
1,315,369,4,0.3375,0.9454545454545454,0.6414772727272727
1,317,77,1,0.95,0.7,0.825
1,318,17,1,0.7071428571428571,0.8224489795918367,0.764795918367347
1,318,90,1,0.8,0.9224999999999999,0.86125
1,318,173,1,0.875,0.9459459459459459,0.910472972972973
1,318,200,1,0.8863636363636364,0.9302325581395349,0.9082980972515856
1,319,25,1,0.905,0.7818181818181817,0.8434090909090909
1,322,4,1,0.7021739130434783,0.759322033898305,0.7307479734708917
1,322,161,1,0.327906976744186,0.7218181818181818,0.5248625792811838
1,334,269,2,1.0,0.8333333333333333,0.9166666666666666
1,335,6,1,0.32352941176470584,0.8374999999999999,0.5805147058823529
1,346,165,1,0.8076923076923077,0.9249999999999999,0.8663461538461539
1,352,95,1,0.7,0.9257142857142856,0.8128571428571427
1,354,297,2,0.9,0.7,0.8
1,356,261,2,0.925,0.7333333333333334,0.8291666666666667
1,357,70,1,0.975,0.7999999999999999,0.8875
1,358,175,1,0.85,0.6599999999999999,0.7549999999999999
1,371,283,2,0.325,0.9424242424242425,0.6337121212121213
1,373,200,1,0.8695652173913043,0.9186046511627907,0.8940849342770475
1,373,304,2,0.3375,0.9454545454545454,0.6414772727272727
1,374,95,1,0.325,0.9057142857142857,0.6153571428571428
1,375,6,1,0.3111111111111111,0.8175,0.5643055555555556
1,375,200,1,0.8625,0.9116279069767442,0.8870639534883722
1,375,318,2,0.33055555555555555,0.835,0.5827777777777777
1,376,4,1,0.3457446808510638,0.7457627118644068,0.5457536963577353
1,376,17,1,0.34310344827586203,0.8040816326530612,0.5735925404644616
1,376,161,1,0.32386363636363635,0.709090909090909,0.5164772727272726
1,376,176,1,0.8972972972972972,0.9203703703703705,0.9088338338338339
1,377,4,1,0.340625,0.7322033898305085,0.5364141949152542
1,377,17,1,0.33166666666666667,0.7836734693877551,0.5576700680272109
1,377,161,1,0.3188888888888889,0.6945454545454546,0.5067171717171717
1,377,176,1,0.8921052631578947,0.9148148148148149,0.9034600389863547
1,378,4,1,0.33673469387755106,0.7203389830508474,0.5285368384641993
1,378,17,1,0.32903225806451614,0.773469387755102,0.5512508229098091
1,378,161,1,0.3173913043478261,0.6854545454545454,0.5014229249011858
1,378,176,1,0.8923076923076922,0.912962962962963,0.9026353276353276
1,379,4,1,0.33399999999999996,0.7101694915254239,0.5220847457627119
1,379,17,1,0.31875,0.753061224489796,0.535905612244898
1,379,161,1,0.3117021276595745,0.669090909090909,0.49039651837524173
1,379,176,1,0.8825000000000001,0.9037037037037037,0.8931018518518519
1,380,4,1,0.3303921568627451,0.6983050847457627,0.5143486208042539
1,380,17,1,0.3090909090909091,0.7326530612244898,0.5208719851576995
1,380,176,1,0.8853658536585366,0.9037037037037037,0.8945347786811202
1,381,4,1,0.325,0.683050847457627,0.5040254237288135
1,381,67,1,0.9285714285714286,0.9583333333333333,0.9434523809523809
1,381,90,1,0.7714285714285715,0.9074999999999999,0.8394642857142857
1,381,161,1,0.3104166666666667,0.6599999999999999,0.4852083333333333
1,381,165,1,0.7857142857142857,0.9125,0.8491071428571428
1,381,176,1,0.8857142857142857,0.9018518518518519,0.8937830687830688
1,382,4,1,0.3207547169811321,0.6694915254237288,0.49512312120243046
1,382,67,1,0.9318181818181819,0.9583333333333333,0.9450757575757576
1,382,90,1,0.7266666666666667,0.8849999999999999,0.8058333333333333
1,382,165,1,0.76,0.8975,0.82875
1,382,176,1,0.8813953488372093,0.8962962962962963,0.8888458225667528
1,383,4,1,0.3175925925925926,0.6576271186440678,0.48760985561833015
1,383,67,1,0.9173913043478261,0.95,0.933695652173913
1,383,90,1,0.340625,0.8599999999999999,0.6003124999999999
1,383,165,1,0.7125,0.8724999999999999,0.7925
1,383,176,1,0.8772727272727273,0.8907407407407407,0.884006734006734
1,384,4,1,0.3163636363636364,0.6491525423728813,0.48275808936825887
1,384,67,1,0.9,0.9395833333333333,0.9197916666666667
1,384,90,1,0.33529411764705885,0.8474999999999999,0.5913970588235293
1,384,165,1,0.33529411764705885,0.8474999999999999,0.5913970588235293
1,384,176,1,0.8688888888888888,0.8814814814814814,0.8751851851851851
1,385,4,1,0.3151785714285714,0.6406779661016948,0.4779282687651331
1,385,67,1,0.904,0.9395833333333333,0.9217916666666667
1,385,90,1,0.31666666666666665,0.8224999999999999,0.5695833333333333
1,385,165,1,0.31666666666666665,0.8224999999999999,0.5695833333333333
1,385,176,1,0.8652173913043478,0.8759259259259259,0.8705716586151369
1,386,17,1,0.30147058823529416,0.7142857142857143,0.5078781512605042
1,386,67,1,0.9038461538461539,0.9375,0.9206730769230769
1,387,17,1,0.29714285714285715,0.7,0.49857142857142855
1,387,67,1,0.8925925925925926,0.9291666666666667,0.9108796296296297
1,387,180,1,0.8555555555555556,0.9500000000000001,0.9027777777777779
1,388,17,1,0.29305555555555557,0.6857142857142857,0.4893849206349207
1,388,67,1,0.8892857142857142,0.9249999999999999,0.907142857142857
1,388,180,1,0.86,0.9472222222222222,0.9036111111111111
1,389,67,1,0.8758620689655172,0.9145833333333333,0.8952227011494253
1,390,67,1,0.87,0.9083333333333332,0.8891666666666667
1,391,67,1,0.8580645161290322,0.8979166666666665,0.8779905913978494
1,392,67,1,0.846875,0.8874999999999998,0.8671875
1,393,67,1,0.8515151515151516,0.8874999999999998,0.8695075757575756
1,394,67,1,0.8441176470588235,0.8791666666666665,0.861642156862745
2,0,278,2,0,0.95625,0.478125
2,1,4,1,0.3096491228070175,0.635593220338983,0.47262117157300026
2,1,25,1,0.9095238095238095,0.7818181818181817,0.8456709956709956
2,3,391,11,0.2833333333333333,0.8394736842105264,0.5614035087719298
2,3,392,11,0.30517241379310345,0.7533333333333333,0.5292528735632184
2,3,393,11,0.8516129032258064,0.8978260869565218,0.8747194950911641
2,4,161,1,0.30714285714285716,0.6654545454545454,0.4862987012987013
2,4,377,11,0.8736842105263158,0.9349999999999999,0.904342105263158
2,4,379,11,0.31666666666666665,0.8170731707317074,0.566869918699187
2,4,380,11,0.9142857142857143,0.8090909090909091,0.8616883116883116
2,4,384,11,0.27368421052631575,0.7949999999999999,0.5343421052631578
2,6,17,1,0.2851351351351351,0.6755102040816326,0.4803226696083839
2,7,53,1,0.88,0.7,0.79
2,9,17,1,0.28421052631578947,0.6836734693877551,0.4839419978517723
2,10,25,1,0.9136363636363636,0.8090909090909091,0.8613636363636363
2,10,142,1,0.9266666666666666,0.8375,0.8820833333333333
2,12,176,1,0.8680851063829788,0.8851851851851852,0.876635145784082
2,14,173,1,0.8846153846153846,0.9594594594594594,0.922037422037422
2,14,318,2,0.3263157894736842,0.8374999999999999,0.5819078947368421
2,17,6,1,0.30526315789473685,0.8175,0.5613815789473684
2,17,90,1,0.30526315789473685,0.8224999999999999,0.5638815789473683
2,17,146,1,0.25,0.9363636363636363,0.5931818181818181
2,17,318,2,0.3175,0.8374999999999999,0.5774999999999999
2,17,377,11,0.88,0.94,0.9099999999999999
2,17,379,11,0.3090909090909091,0.824390243902439,0.566740576496674
2,17,380,11,0.9181818181818182,0.8181818181818181,0.8681818181818182
2,21,85,1,0,0.95625,0.478125
2,21,257,2,0.3,0.9625,0.63125
2,23,297,2,0.92,0.8333333333333333,0.8766666666666667
2,23,354,4,0.33999999999999997,0.9515151515151514,0.6457575757575758
2,25,175,1,0.8666666666666667,0.74,0.8033333333333333
2,26,377,11,0.8857142857142857,0.9525,0.9191071428571429
2,26,379,11,0.3021739130434783,0.8317073170731708,0.5669406150583245
2,26,380,11,0.9217391304347826,0.8272727272727272,0.8745059288537549
2,26,391,11,0.278125,0.8500000000000001,0.5640625
2,26,392,11,0.29833333333333334,0.7577777777777778,0.5280555555555555
2,26,393,11,0.85625,0.8978260869565218,0.8770380434782609
2,27,4,1,0.30603448275862066,0.6305084745762712,0.46827147866744595
2,27,161,1,0.304,0.6654545454545454,0.4847272727272727
2,27,329,2,0.8333333333333334,0.984375,0.9088541666666667
2,28,32,1,0.9142857142857143,0.75,0.8321428571428571
2,28,161,1,0.3,0.6599999999999999,0.48
2,30,4,1,0.3008474576271186,0.6254237288135592,0.4631355932203389
2,30,17,1,0.2833333333333333,0.6897959183673469,0.4865646258503401
2,30,200,1,0.868,0.9162790697674419,0.8921395348837209
2,32,28,1,0.8636363636363636,0.7166666666666667,0.7901515151515152
2,38,161,1,0.29903846153846153,0.6672727272727272,0.4831555944055944
2,38,197,1,0.3088235294117647,0.8384615384615385,0.5736425339366515
2,41,84,1,0.9,0.775,0.8375
2,41,165,1,0.3078947368421053,0.825,0.5664473684210526
2,41,392,11,0.2967741935483871,0.7666666666666666,0.5317204301075269
2,41,393,11,0.8606060606060606,0.9065217391304349,0.8835638998682478
2,43,25,1,0.9173913043478261,0.8363636363636363,0.8768774703557312
2,43,176,1,0.8708333333333333,0.8870370370370371,0.8789351851851852
2,44,313,2,0.9666666666666667,0.75,0.8583333333333334
2,45,181,1,1.0,0.8333333333333333,0.9166666666666666
2,45,261,2,0.94,0.7999999999999999,0.8699999999999999
2,45,380,11,0.925,0.8545454545454545,0.8897727272727273
2,45,391,11,0.26176470588235295,0.8368421052631579,0.5493034055727555
2,45,392,11,0.2953125,0.7733333333333332,0.5343229166666665
2,45,393,11,0.8647058823529412,0.9173913043478262,0.8910485933503838
2,46,25,1,0.9208333333333334,0.8363636363636363,0.8785984848484849
2,46,213,2,0.3,0.9625,0.63125
2,48,223,2,0.9666666666666667,0.75,0.8583333333333334
2,48,392,11,0.2893939393939394,0.7688888888888888,0.5291414141414141
2,48,393,11,0.8685714285714285,0.9282608695652175,0.898416149068323
2,49,4,1,0.29583333333333334,0.6203389830508474,0.4580861581920904
2,51,243,2,0.9666666666666667,0.75,0.8583333333333334
2,52,200,1,0.8730769230769231,0.9232558139534884,0.8981663685152057
2,53,7,1,0.9333333333333333,0.75,0.8416666666666667
2,55,161,1,0.2981132075471698,0.6709090909090908,0.4845111492281303
2,55,176,1,0.8734693877551021,0.8944444444444445,0.8839569160997733
2,58,95,1,0.29444444444444445,0.9028571428571428,0.5986507936507937
2,59,377,11,0.8909090909090909,0.965,0.9279545454545455
2,59,379,11,0.29791666666666666,0.8317073170731708,0.5648119918699187
2,59,380,11,0.928,0.8727272727272727,0.9003636363636364
2,62,176,1,0.876,0.8944444444444445,0.8852222222222222
2,62,391,11,0.25555555555555554,0.8421052631578948,0.5488304093567251
2,62,392,11,0.2867647058823529,0.7777777777777778,0.5322712418300654
2,62,393,11,0.8722222222222222,0.9347826086956522,0.9035024154589373
2,63,290,2,0.2833333333333333,0.965625,0.6244791666666667
2,64,84,1,0.9125,0.775,0.84375
2,64,392,11,0.28285714285714286,0.7822222222222223,0.5325396825396825
2,64,393,11,0.8756756756756756,0.9391304347826088,0.9074030552291422
2,65,176,1,0.8784313725490196,0.9018518518518519,0.8901416122004358
2,66,25,1,0.924,0.8727272727272727,0.8983636363636364
2,66,161,1,0.2953703703703704,0.6672727272727272,0.4813215488215488
2,66,295,2,0.26666666666666666,0.959375,0.6130208333333333
2,67,384,11,0.27249999999999996,0.7949999999999999,0.53375
2,67,391,11,0,0.8342105263157895,0.41710526315789476
2,67,392,11,0.28055555555555556,0.78,0.5302777777777778
2,67,393,11,0.8789473684210526,0.9434782608695652,0.9112128146453089
2,69,369,4,0.29000000000000004,0.9424242424242425,0.6162121212121212
2,70,176,1,0.8807692307692307,0.9092592592592592,0.895014245014245
2,71,222,2,0.8333333333333334,0.984375,0.9088541666666667
2,72,392,11,0.27297297297297296,0.7755555555555554,0.5242642642642642
2,72,393,11,0.882051282051282,0.9500000000000001,0.9160256410256411
2,74,4,1,0.2918032786885246,0.6203389830508474,0.45607113086968604
2,75,330,2,0,0.965625,0.4828125
2,79,4,1,0.2887096774193548,0.623728813559322,0.4562192454893384
2,81,6,1,0.2975,0.8175,0.5575
2,81,17,1,0.2825,0.6918367346938775,0.48716836734693875
2,81,90,1,0.2975,0.8199999999999998,0.5587499999999999
2,81,142,1,0.93125,0.85,0.890625
2,82,6,1,0.29047619047619044,0.825,0.5577380952380953
2,82,180,1,0.8727272727272728,0.9583333333333333,0.915530303030303
2,86,6,1,0.27954545454545454,0.8275,0.5535227272727272
2,86,84,1,0.9222222222222223,0.875,0.8986111111111111
2,88,29,1,0.25,0.96875,0.609375
2,90,17,1,0.2780487804878049,0.6959183673469388,0.48698357391737185
2,90,318,2,0.3119047619047619,0.8474999999999999,0.5797023809523809
2,90,384,11,0.26904761904761904,0.8049999999999999,0.5370238095238095
2,91,4,1,0.2849206349206349,0.6186440677966102,0.45178235135862255
2,91,17,1,0.27261904761904765,0.6979591836734694,0.48528911564625854
2,92,197,1,0.3055555555555556,0.8461538461538461,0.5758547008547008
2,93,283,2,0.26,0.9363636363636363,0.5981818181818181
2,96,4,1,0.284375,0.6220338983050848,0.45320444915254243
2,96,161,1,0.29363636363636364,0.6727272727272727,0.48318181818181816
2,96,176,1,0.8830188679245283,0.9111111111111112,0.8970649895178198
2,96,197,1,0.2973684210526316,0.8487179487179487,0.5730431848852902
2,97,176,1,0.8851851851851852,0.9203703703703705,0.9027777777777779
2,99,176,1,0.8872727272727272,0.9259259259259259,0.9065993265993266
2,100,377,11,0.8956521739130435,0.9699999999999999,0.9328260869565217
2,100,379,11,0.29400000000000004,0.8317073170731708,0.5628536585365854
2,100,380,11,0.9307692307692308,0.8727272727272727,0.9017482517482518
2,101,4,1,0.28076923076923077,0.623728813559322,0.45224902216427637
2,101,268,2,1.0,0.75,0.875
2,102,4,1,0.2765151515151515,0.6152542372881356,0.4458846944016435
2,103,392,11,0.26842105263157895,0.78,0.5242105263157895
2,103,393,11,0.885,0.9586956521739132,0.9218478260869566
2,104,25,1,0.926923076923077,0.9,0.9134615384615385
2,104,181,1,1.0,0.8333333333333333,0.9166666666666666
2,104,200,1,0.8777777777777778,0.9348837209302326,0.9063307493540051
2,105,377,11,0.9,0.9699999999999999,0.9349999999999999
2,105,379,11,0.2846153846153846,0.824390243902439,0.5545028142589118
2,105,380,11,0.9333333333333333,0.890909090909091,0.9121212121212121
2,110,161,1,0.2883928571428571,0.6727272727272727,0.4805600649350649
2,110,294,2,0.9666666666666667,0.75,0.8583333333333334
2,111,4,1,0.27313432835820894,0.6169491525423728,0.4450417404502909
2,112,318,2,0.29772727272727273,0.835,0.5663636363636364
2,113,4,1,0.27279411764705885,0.6220338983050848,0.44741400797607184
2,113,142,1,0.9352941176470588,0.875,0.9051470588235294
2,115,78,1,0.3,0.9484848484848485,0.6242424242424243
2,116,236,2,0.8333333333333334,0.984375,0.9088541666666667
2,119,200,1,0.8821428571428571,0.9395348837209302,0.9108388704318937
2,119,392,11,0.26794871794871794,0.78,0.523974358974359
2,119,393,11,0.8878048780487805,0.9630434782608696,0.925424178154825
2,120,161,1,0.28596491228070176,0.6709090909090908,0.47843700159489627
2,120,230,2,0.25,0.953125,0.6015625
2,123,55,1,0.8866666666666667,0.9473684210526316,0.9170175438596492
2,126,67,1,0.8485714285714285,0.8895833333333334,0.869077380952381
2,129,176,1,0.8892857142857142,0.9296296296296297,0.9094576719576719
2,129,197,1,0.2925,0.8564102564102564,0.5744551282051282
2,132,4,1,0.2702898550724638,0.6220338983050848,0.4461618766887743
2,132,55,1,0.89375,0.9526315789473685,0.9231907894736843
2,132,161,1,0.28448275862068967,0.6709090909090908,0.4776959247648902
2,132,180,1,0.8833333333333333,0.9722222222222222,0.9277777777777778
2,133,175,1,0.88,0.82,0.85
2,133,368,4,0,0.95625,0.478125
2,136,384,11,0.25681818181818183,0.8049999999999999,0.5309090909090909
2,138,6,1,0.2673913043478261,0.815,0.541195652173913
2,138,17,1,0.2709302325581395,0.7061224489795919,0.4885263407688657
2,138,318,2,0.2891304347826087,0.8275,0.5583152173913044
2,139,4,1,0.26785714285714285,0.6220338983050848,0.4449455205811138
2,139,55,1,0.9,0.9605263157894737,0.9302631578947369
2,139,161,1,0.28220338983050847,0.6745454545454546,0.47837442218798154
2,139,274,2,0.26666666666666666,0.965625,0.6161458333333333
2,140,197,1,0.2833333333333333,0.8589743589743589,0.5711538461538461
2,141,342,4,0.86,0.9696969696969697,0.9148484848484848
2,142,173,1,0.8928571428571429,0.9702702702702702,0.9315637065637066
2,145,4,1,0.2647887323943662,0.623728813559322,0.4442587729768441
2,145,377,11,0.904,0.9775,0.94075
2,145,379,11,0.2796296296296296,0.8195121951219513,0.5495709123757905
2,145,380,11,0.9357142857142857,0.9,0.9178571428571429
2,146,17,1,0.2659090909090909,0.7040816326530612,0.48499536178107605
2,148,172,1,0.3214285714285714,0.9294117647058824,0.6254201680672269
2,148,384,11,0.2543478260869565,0.8125,0.5334239130434782
2,150,55,1,0.9055555555555556,0.968421052631579,0.9369883040935673
2,151,20,1,0.9,0.7666666666666666,0.8333333333333333
2,151,175,1,0.8909090909090909,0.82,0.8554545454545455
2,153,20,1,0.9166666666666666,0.8333333333333333,0.875
2,154,25,1,0.9296296296296296,0.9363636363636364,0.932996632996633
2,154,176,1,0.8912280701754386,0.9333333333333333,0.9122807017543859
2,156,25,1,0.9321428571428572,0.9454545454545454,0.9387987012987014
2,160,172,1,0.2875,0.9235294117647058,0.6055147058823529
2,161,4,1,0.2638888888888889,0.6271186440677966,0.4455037664783428
2,161,28,1,0.875,0.7666666666666666,0.8208333333333333
2,161,55,1,0.9105263157894736,0.968421052631579,0.9394736842105262
2,161,176,1,0.8931034482758621,0.9333333333333333,0.9132183908045977
2,161,197,1,0.28181818181818186,0.8589743589743589,0.5703962703962704
2,161,377,11,0.9076923076923077,0.9775,0.9425961538461538
2,161,379,11,0.27321428571428574,0.8195121951219513,0.5463632404181185
2,162,391,11,0,0.8421052631578948,0.4210526315789474
2,162,392,11,0.26749999999999996,0.7844444444444444,0.5259722222222222
2,162,393,11,0.8904761904761904,0.9652173913043478,0.9278467908902691
2,163,286,2,0.31666666666666665,0.96875,0.6427083333333333
2,163,384,11,0.25416666666666665,0.8224999999999999,0.5383333333333333
2,163,391,11,0,0.8473684210526315,0.4236842105263158
2,163,392,11,0.2646341463414634,0.7866666666666666,0.525650406504065
2,163,393,11,0.8930232558139535,0.9695652173913044,0.9312942366026289
2,165,346,4,0.27,0.9333333333333333,0.6016666666666667
2,165,384,11,0,0.8224999999999999,0.41124999999999995
2,166,142,1,0.9388888888888889,0.9125,0.9256944444444444
2,166,393,11,0.8954545454545455,0.9782608695652174,0.9368577075098814
2,167,247,2,0,0.9625,0.48125
2,173,142,1,0.9421052631578948,0.925,0.9335526315789474
2,173,200,1,0.8862068965517241,0.9418604651162791,0.9140336808340016
2,173,305,2,0.3,0.9625,0.63125
2,173,318,2,0.27708333333333335,0.815,0.5460416666666666
2,174,67,1,0.8527777777777777,0.8958333333333333,0.8743055555555554
2,175,25,1,0.9344827586206896,0.9545454545454545,0.944514106583072
2,176,55,1,0.915,0.981578947368421,0.9482894736842105
2,176,70,1,0.98,0.7999999999999999,0.8899999999999999
2,176,161,1,0.2808333333333333,0.6781818181818181,0.47950757575757574
2,176,377,11,0.9111111111111111,0.9874999999999999,0.9493055555555555
2,176,379,11,0.2689655172413793,0.8195121951219513,0.5442388561816653
2,176,380,11,0.9379310344827586,0.9363636363636364,0.9371473354231975
2,176,384,11,0,0.8300000000000001,0.41500000000000004
2,177,28,1,0.8846153846153846,0.8166666666666668,0.8506410256410257
2,177,142,1,0.945,0.9375,0.9412499999999999
2,177,200,1,0.89,0.9488372093023255,0.9194186046511628
2,177,318,2,0.276,0.8224999999999999,0.54925
2,177,392,11,0.2607142857142857,0.7822222222222223,0.521468253968254
2,177,393,11,0.8977777777777778,0.9891304347826088,0.9434541062801933
2,178,90,1,0.28809523809523807,0.8175,0.552797619047619
2,178,200,1,0.8935483870967742,0.9581395348837211,0.9258439609902476
2,178,228,2,0.26666666666666666,0.959375,0.6130208333333333
2,184,165,1,0.2975,0.8175,0.5575
2,184,349,4,0.9333333333333333,0.75,0.8416666666666667
2,187,172,1,0.26666666666666666,0.9176470588235294,0.592156862745098
2,187,173,1,0.9,0.9702702702702702,0.9351351351351351
2,187,200,1,0.896875,0.9627906976744186,0.9298328488372093
2,189,6,1,0.2583333333333333,0.815,0.5366666666666666
2,189,314,2,0.26666666666666666,0.96875,0.6177083333333333
2,192,28,1,0.8928571428571429,0.8666666666666667,0.8797619047619047
2,192,95,1,0.28,0.897142857142857,0.5885714285714285
2,192,161,1,0.2786885245901639,0.6818181818181818,0.48025335320417284
2,192,384,11,0,0.8374999999999999,0.41874999999999996
2,193,4,1,0.26095890410958905,0.6220338983050848,0.4414964012073369
2,193,161,1,0.2782258064516129,0.689090909090909,0.4836583577712609
2,197,161,1,0.276984126984127,0.689090909090909,0.483037518037518
2,200,173,1,0.90625,0.9729729729729729,0.9396114864864864
2,200,304,2,0.32,0.9515151515151514,0.6357575757575757
2,200,318,2,0.2711538461538462,0.8224999999999999,0.546826923076923
2,201,269,2,1.0,0.8333333333333333,0.9166666666666666
2,203,32,1,0.925,0.825,0.875
2,207,17,1,0.26,0.7,0.48
2,214,28,1,0.9,0.9166666666666667,0.9083333333333334
2,218,161,1,0.27265625,0.689090909090909,0.4808735795454545
2,221,32,1,0.9333333333333333,0.875,0.9041666666666667
2,229,342,4,0.8833333333333333,0.9848484848484849,0.9340909090909091
2,232,78,1,0.275,0.9424242424242425,0.6087121212121213
2,234,55,1,0.919047619047619,0.986842105263158,0.9529448621553884
2,234,161,1,0.2692307692307692,0.6872727272727271,0.4782517482517482
2,234,197,1,0.26956521739130435,0.8461538461538461,0.5578595317725752
2,237,186,1,0.31666666666666665,0.965625,0.6411458333333333
2,244,379,11,0.2633333333333333,0.8146341463414634,0.5389837398373983
2,244,380,11,0.94,0.9545454545454545,0.9472727272727273
2,246,176,1,0.8949152542372881,0.938888888888889,0.9169020715630886
2,248,6,1,0.256,0.8175,0.5367500000000001
2,251,94,1,1.0,0.75,0.875
2,273,197,1,0.26458333333333334,0.8410256410256409,0.5528044871794872
2,277,146,1,0,0.9333333333333333,0.4666666666666667
2,282,53,1,0.9,0.8333333333333333,0.8666666666666667
2,288,142,1,0.9476190476190476,0.9375,0.9425595238095238
2,289,165,1,0.28809523809523807,0.8125,0.550297619047619
2,289,346,4,0.26666666666666666,0.9484848484848485,0.6075757575757575
2,296,161,1,0.26515151515151514,0.6872727272727271,0.47621212121212114
2,297,354,4,0.30833333333333335,0.9454545454545454,0.6268939393939394
2,299,67,1,0.8567567567567568,0.9041666666666666,0.8804617117117117
2,304,200,1,0.9,0.9674418604651164,0.9337209302325582
2,305,173,1,0.9117647058823529,0.9864864864864865,0.9491255961844197
2,306,24,1,0.8333333333333334,0.984375,0.9088541666666667
2,309,180,1,0.8923076923076922,0.9777777777777779,0.935042735042735
2,315,369,4,0.2833333333333333,0.9454545454545454,0.6143939393939394
2,317,77,1,0.9666666666666667,0.75,0.8583333333333334
2,318,17,1,0.2554347826086957,0.6979591836734694,0.47669698314108255
2,318,90,1,0.28181818181818186,0.8125,0.5471590909090909
2,318,173,1,0.9166666666666666,0.9864864864864865,0.9515765765765766
2,318,200,1,0.9029411764705882,0.9697674418604652,0.9363543091655266
2,319,25,1,0.9366666666666666,0.9545454545454545,0.9456060606060606
2,322,4,1,0.25878378378378375,0.6186440677966102,0.43871392579019697
2,322,161,1,0.26492537313432835,0.6872727272727271,0.4760990502035277
2,334,269,2,1.0,0.8333333333333333,0.9166666666666666
2,335,6,1,0.25,0.8125,0.53125
2,346,165,1,0.28181818181818186,0.8099999999999999,0.5459090909090909
2,352,95,1,0.2681818181818182,0.8999999999999999,0.584090909090909
2,354,297,2,0.9333333333333333,0.8333333333333333,0.8833333333333333
2,356,261,2,0.95,0.8333333333333333,0.8916666666666666
2,357,70,1,0.9833333333333333,0.8333333333333333,0.9083333333333332
2,358,175,1,0.9,0.9,0.9
2,371,283,2,0,0.9272727272727272,0.4636363636363636
2,373,200,1,0.9057142857142857,0.9813953488372094,0.9435548172757475
2,373,304,2,0.30833333333333335,0.9545454545454546,0.631439393939394
2,374,95,1,0.26666666666666666,0.9057142857142857,0.5861904761904762
2,375,6,1,0.25,0.8199999999999998,0.5349999999999999
2,375,200,1,0.9083333333333333,0.9883720930232558,0.9483527131782945
2,375,318,2,0.26481481481481484,0.8224999999999999,0.5436574074074074
2,376,4,1,0.2553333333333333,0.6152542372881356,0.4352937853107344
2,376,17,1,0.2531914893617021,0.7020408163265306,0.47761615284411635
2,376,161,1,0.26176470588235295,0.6836363636363636,0.47270053475935825
2,376,176,1,0.8966666666666667,0.9462962962962962,0.9214814814814815
2,377,4,1,0.2532894736842105,0.6152542372881356,0.43427185548617303
2,377,17,1,0,0.7040816326530612,0.3520408163265306
2,377,161,1,0.2579710144927536,0.6799999999999999,0.4689855072463768
2,377,176,1,0.898360655737705,0.9518518518518518,0.9251062537947784
2,378,4,1,0.2519480519480519,0.6152542372881356,0.43360114461809374
2,378,17,1,0,0.7040816326530612,0.3520408163265306
2,378,161,1,0.2557142857142857,0.6745454545454546,0.46512987012987017
2,378,176,1,0.9,0.9537037037037037,0.9268518518518518
2,379,4,1,0.2512820512820513,0.6152542372881356,0.4332681442850934
2,379,17,1,0,0.7122448979591837,0.35612244897959183
2,379,161,1,0.2549295774647887,0.6799999999999999,0.46746478873239433
2,379,176,1,0.9015873015873016,0.962962962962963,0.9322751322751324
2,380,4,1,0,0.6101694915254237,0.30508474576271183
2,380,17,1,0,0.7183673469387756,0.3591836734693878
2,380,176,1,0.903125,0.962962962962963,0.9330439814814815
2,381,4,1,0,0.6101694915254237,0.30508474576271183
2,381,67,1,0.8605263157894737,0.9104166666666667,0.8854714912280701
2,381,90,1,0.28043478260869564,0.815,0.5477173913043478
2,381,161,1,0.2548611111111111,0.6799999999999999,0.4674305555555555
2,381,165,1,0.27391304347826084,0.8025,0.5382065217391304
2,381,176,1,0.9046153846153846,0.9648148148148148,0.9347150997150997
2,382,4,1,0,0.6067796610169491,0.30338983050847457
2,382,67,1,0.8641025641025641,0.9104166666666667,0.8872596153846154
2,382,90,1,0.26875,0.8125,0.540625
2,382,165,1,0.2625,0.7925,0.5275
2,382,176,1,0.906060606060606,0.9703703703703704,0.9382154882154883
2,383,4,1,0,0.6016949152542372,0.3008474576271186
2,383,67,1,0.8674999999999999,0.91875,0.893125
2,383,90,1,0.268,0.825,0.5465
2,383,165,1,0.256,0.7974999999999999,0.5267499999999999
2,383,176,1,0.9074626865671642,0.975925925925926,0.941694306246545
2,384,4,1,0,0.5949152542372881,0.29745762711864404
2,384,67,1,0.8707317073170732,0.9291666666666667,0.8999491869918699
2,384,90,1,0.2653846153846154,0.8224999999999999,0.5439423076923077
2,384,165,1,0,0.7974999999999999,0.39874999999999994
2,384,176,1,0.9088235294117647,0.9851851851851853,0.947004357298475
2,385,4,1,0,0.5949152542372881,0.29745762711864404
2,385,67,1,0.8738095238095238,0.9291666666666667,0.9014880952380953
2,385,90,1,0.25555555555555554,0.8224999999999999,0.5390277777777777
2,385,165,1,0,0.8099999999999999,0.40499999999999997
2,385,176,1,0.9101449275362319,0.9907407407407408,0.9504428341384863
2,386,17,1,0,0.7204081632653061,0.36020408163265305
2,386,67,1,0.8767441860465116,0.93125,0.9039970930232558
2,387,17,1,0,0.7163265306122449,0.35816326530612247
2,387,67,1,0.8795454545454545,0.9395833333333333,0.9095643939393939
2,387,180,1,0.9,0.9833333333333333,0.9416666666666667
2,388,17,1,0,0.7183673469387756,0.3591836734693878
2,388,67,1,0.8822222222222222,0.9437499999999999,0.912986111111111
2,388,180,1,0.9066666666666666,0.986111111111111,0.9463888888888888
2,389,67,1,0.8847826086956522,0.9541666666666666,0.9194746376811593
2,390,67,1,0.8872340425531915,0.9604166666666667,0.9238253546099291
2,391,67,1,0.8895833333333334,0.9708333333333333,0.9302083333333333
2,392,67,1,0.8918367346938776,0.98125,0.9365433673469388
2,393,67,1,0.894,0.98125,0.9376249999999999
2,394,67,1,0.8960784313725491,0.9895833333333333,0.9428308823529412
3,0,278,2,0,0.9625,0.48125
3,1,4,1,0,0.6,0.3
3,1,25,1,0.9387096774193548,0.9545454545454545,0.9466275659824046
3,3,391,11,0,0.8526315789473684,0.4263157894736842
3,3,392,11,0.26046511627906976,0.7822222222222223,0.521343669250646
3,3,393,11,0.9,0.9891304347826088,0.9445652173913044
3,4,161,1,0.2520547945205479,0.6763636363636364,0.46420921544209215
3,4,377,11,0.9142857142857143,0.9874999999999999,0.9508928571428571
3,4,379,11,0.26290322580645165,0.8170731707317074,0.5399881982690795
3,4,380,11,0.9419354838709677,0.9545454545454545,0.9482404692082111
3,4,384,11,0,0.8374999999999999,0.41874999999999996
3,6,17,1,0,0.7244897959183674,0.3622448979591837
3,7,53,1,0.9142857142857143,0.8333333333333333,0.8738095238095238
3,9,17,1,0,0.7244897959183674,0.3622448979591837
3,10,25,1,0.940625,0.9545454545454545,0.9475852272727272
3,10,142,1,0.95,0.9375,0.94375
3,12,176,1,0.9114285714285715,0.9907407407407408,0.9510846560846562
3,14,173,1,0.9210526315789473,0.9864864864864865,0.9537695590327169
3,14,318,2,0.25535714285714284,0.8099999999999999,0.5326785714285713
3,17,6,1,0,0.8199999999999998,0.4099999999999999
3,17,90,1,0,0.8175,0.40875
3,17,146,1,0,0.9393939393939393,0.46969696969696967
3,17,318,2,0,0.8049999999999999,0.40249999999999997
3,17,377,11,0.9172413793103449,0.9874999999999999,0.9523706896551725
3,17,379,11,0.259375,0.8170731707317074,0.5382240853658538
3,17,380,11,0.94375,0.9545454545454545,0.9491477272727272
3,21,85,1,0,0.95625,0.478125
3,21,257,2,0,0.953125,0.4765625
3,23,297,2,0.9428571428571428,0.8333333333333333,0.888095238095238
3,23,354,4,0.2642857142857143,0.9333333333333333,0.5988095238095238
3,25,175,1,0.9076923076923077,0.9,0.9038461538461539
3,26,377,11,0.92,0.9874999999999999,0.95375
3,26,379,11,0.2515151515151515,0.8097560975609757,0.5306356245380636
3,26,380,11,0.9454545454545454,0.9545454545454545,0.95
3,26,391,11,0,0.8447368421052632,0.4223684210526316
3,26,392,11,0.2590909090909091,0.7866666666666666,0.5228787878787878
3,26,393,11,0.902127659574468,0.9891304347826088,0.9456290471785385
3,27,4,1,0,0.5983050847457626,0.2991525423728813
3,27,161,1,0.25135135135135134,0.6781818181818181,0.4647665847665847
3,27,329,2,0.875,0.984375,0.9296875
3,28,32,1,0.94,0.875,0.9075
3,28,161,1,0.25,0.6799999999999999,0.46499999999999997
3,30,4,1,0,0.6016949152542372,0.3008474576271186
3,30,17,1,0,0.7244897959183674,0.3622448979591837
3,30,200,1,0.9108108108108108,0.9883720930232558,0.9495914519170333
3,32,28,1,0.90625,0.9166666666666667,0.9114583333333334
3,38,161,1,0,0.6763636363636364,0.3381818181818182
3,38,197,1,0.26,0.8461538461538461,0.553076923076923
3,41,84,1,0.9299999999999999,0.875,0.9025
3,41,165,1,0,0.8125,0.40625
3,41,392,11,0.25555555555555554,0.78,0.5177777777777778
3,41,393,11,0.9041666666666667,0.9891304347826088,0.9466485507246377
3,43,25,1,0.9424242424242424,0.9545454545454545,0.9484848484848485
3,43,176,1,0.9126760563380282,0.9907407407407408,0.9517083985393845
3,44,313,2,0.975,0.75,0.8625
3,45,181,1,1.0,0.8333333333333333,0.9166666666666666
3,45,261,2,0.9571428571428572,0.8333333333333333,0.8952380952380952
3,45,380,11,0.9470588235294117,0.9545454545454545,0.950802139037433
3,45,391,11,0,0.8526315789473684,0.4263157894736842
3,45,392,11,0.2510869565217391,0.7711111111111111,0.5110990338164251
3,45,393,11,0.9061224489795918,0.9891304347826088,0.9476264418811002
3,46,25,1,0.9441176470588235,0.9545454545454545,0.9493315508021389
3,46,213,2,0.275,0.965625,0.6203125
3,48,223,2,0.975,0.75,0.8625
3,48,392,11,0,0.7666666666666666,0.3833333333333333
3,48,393,11,0.908,0.9891304347826088,0.9485652173913044
3,49,4,1,0,0.6101694915254237,0.30508474576271183
3,51,243,2,0.975,0.75,0.8625
3,52,200,1,0.9131578947368421,0.9883720930232558,0.9507649938800489
3,53,7,1,0.95,0.75,0.85
3,55,161,1,0,0.6763636363636364,0.3381818181818182
3,55,176,1,0.9138888888888889,0.9907407407407408,0.9523148148148148
3,58,95,1,0.25769230769230766,0.9114285714285714,0.5845604395604396
3,59,377,11,0.9225806451612903,0.9874999999999999,0.9550403225806452
3,59,379,11,0,0.7999999999999999,0.39999999999999997
3,59,380,11,0.9485714285714286,0.9545454545454545,0.9515584415584415
3,62,176,1,0.915068493150685,0.9907407407407408,0.9529046169457129
3,62,391,11,0,0.8473684210526315,0.4236842105263158
3,62,392,11,0,0.7644444444444444,0.3822222222222222
3,62,393,11,0.9098039215686274,0.9891304347826088,0.9494671781756181
3,63,290,2,0.2625,0.965625,0.6140625
3,64,84,1,0.9363636363636364,0.875,0.9056818181818183
3,64,392,11,0,0.7688888888888888,0.3844444444444444
3,64,393,11,0.9115384615384615,0.9891304347826088,0.9503344481605351
3,65,176,1,0.9162162162162162,0.9907407407407408,0.9534784784784784
3,66,25,1,0.9457142857142857,0.9545454545454545,0.9501298701298702
3,66,161,1,0,0.6745454545454546,0.3372727272727273
3,66,295,2,0.25,0.965625,0.6078125
3,67,384,11,0,0.8324999999999999,0.41624999999999995
3,67,391,11,0,0.8473684210526315,0.4236842105263158
3,67,392,11,0,0.7711111111111111,0.38555555555555554
3,67,393,11,0.9132075471698113,0.9891304347826088,0.95116899097621
3,69,369,4,0.2642857142857143,0.9484848484848485,0.6063852813852814
3,70,176,1,0.9173333333333333,0.9907407407407408,0.954037037037037
3,71,222,2,0.875,0.984375,0.9296875
3,72,392,11,0,0.7733333333333332,0.3866666666666666
3,72,393,11,0.9148148148148149,0.9891304347826088,0.9519726247987118
3,74,4,1,0,0.6169491525423728,0.3084745762711864
3,75,330,2,0,0.959375,0.4796875
3,79,4,1,0,0.6169491525423728,0.3084745762711864
3,81,6,1,0,0.8199999999999998,0.4099999999999999
3,81,17,1,0,0.7224489795918367,0.36122448979591837
3,81,90,1,0,0.815,0.4075
3,81,142,1,0.9521739130434783,0.9375,0.9448369565217392
3,82,6,1,0,0.825,0.4125
3,82,180,1,0.9125,0.986111111111111,0.9493055555555555
3,86,6,1,0,0.835,0.4175
3,86,84,1,0.9416666666666667,0.875,0.9083333333333333
3,88,29,1,0,0.953125,0.4765625
3,90,17,1,0,0.726530612244898,0.363265306122449
3,90,318,2,0,0.8075,0.40375
3,90,384,11,0,0.8224999999999999,0.41124999999999995
3,91,4,1,0,0.6169491525423728,0.3084745762711864
3,91,17,1,0,0.726530612244898,0.363265306122449
3,92,197,1,0.2596153846153846,0.8461538461538461,0.5528846153846154
3,93,283,2,0,0.9303030303030303,0.46515151515151515
3,96,4,1,0,0.6135593220338983,0.30677966101694915
3,96,161,1,0,0.6709090909090908,0.3354545454545454
3,96,176,1,0.9184210526315789,0.9907407407407408,0.9545808966861599
3,96,197,1,0.2592592592592593,0.8512820512820513,0.5552706552706552
3,97,176,1,0.9194805194805195,0.9907407407407408,0.9551106301106301
3,99,176,1,0.9205128205128206,0.9907407407407408,0.9556267806267806
3,100,377,11,0.925,0.9874999999999999,0.95625
3,100,379,11,0,0.7999999999999999,0.39999999999999997
3,100,380,11,0.95,0.9545454545454545,0.9522727272727272
3,101,4,1,0,0.6169491525423728,0.3084745762711864
3,101,268,2,1.0,0.75,0.875
3,102,4,1,0,0.6220338983050848,0.3110169491525424
3,103,392,11,0,0.7688888888888888,0.3844444444444444
3,103,393,11,0.9163636363636364,0.9891304347826088,0.9527470355731226
3,104,25,1,0.9472222222222222,0.9545454545454545,0.9508838383838383
3,104,181,1,1.0,0.8333333333333333,0.9166666666666666
3,104,200,1,0.9153846153846154,0.9883720930232558,0.9518783542039355
3,105,377,11,0.9272727272727272,0.9874999999999999,0.9573863636363635
3,105,379,11,0,0.8073170731707318,0.4036585365853659
3,105,380,11,0.9513513513513514,0.9545454545454545,0.952948402948403
3,110,161,1,0,0.6799999999999999,0.33999999999999997
3,110,294,2,0.975,0.75,0.8625
3,111,4,1,0,0.6203389830508474,0.3101694915254237
3,112,318,2,0,0.8125,0.40625
3,113,4,1,0,0.6169491525423728,0.3084745762711864
3,113,142,1,0.9541666666666667,0.9375,0.9458333333333333
3,115,78,1,0,0.9363636363636363,0.46818181818181814
3,116,236,2,0.875,0.984375,0.9296875
3,119,200,1,0.9175,0.9883720930232558,0.9529360465116279
3,119,392,11,0,0.7644444444444444,0.3822222222222222
3,119,393,11,0.9178571428571428,0.9891304347826088,0.9534937888198758
3,120,161,1,0,0.6763636363636364,0.3381818181818182
3,120,230,2,0,0.95625,0.478125
3,123,55,1,0.9227272727272727,0.986842105263158,0.9547846889952154
3,126,67,1,0.8980769230769231,0.9895833333333333,0.9438301282051282
3,129,176,1,0.9215189873417722,0.9907407407407408,0.9561298640412565
3,129,197,1,0.25,0.8410256410256409,0.5455128205128205
3,132,4,1,0,0.6203389830508473,0.31016949152542367
3,132,55,1,0.9260869565217391,0.986842105263158,0.9564645308924485
3,132,161,1,0,0.6763636363636364,0.3381818181818182
3,132,180,1,0.9176470588235294,0.986111111111111,0.9518790849673202
3,133,175,1,0.9142857142857143,0.9,0.9071428571428571
3,133,368,4,0,0.959375,0.4796875
3,136,384,11,0,0.825,0.4125
3,138,6,1,0,0.8474999999999999,0.42374999999999996
3,138,17,1,0,0.7285714285714286,0.3642857142857143
3,138,318,2,0,0.8199999999999998,0.4099999999999999
3,139,4,1,0,0.6169491525423728,0.3084745762711864
3,139,55,1,0.9291666666666667,0.986842105263158,0.9580043859649123
3,139,161,1,0,0.6709090909090908,0.3354545454545454
3,139,274,2,0,0.959375,0.4796875
3,140,197,1,0,0.8358974358974359,0.41794871794871796
3,141,342,4,0.9,0.9848484848484849,0.9424242424242424
3,142,173,1,0.925,0.9864864864864865,0.9557432432432433
3,145,4,1,0,0.6203389830508474,0.3101694915254237
3,145,377,11,0.9294117647058824,0.9874999999999999,0.9584558823529412
3,145,379,11,0,0.7999999999999999,0.39999999999999997
3,145,380,11,0.9526315789473684,0.9545454545454545,0.9535885167464114
3,146,17,1,0,0.7285714285714286,0.3642857142857143
3,148,172,1,0.255,0.9147058823529411,0.5848529411764706
3,148,384,11,0,0.8175,0.40875
3,150,55,1,0.9319999999999999,0.986842105263158,0.959421052631579
3,151,20,1,0.9285714285714286,0.8333333333333333,0.8809523809523809
3,151,175,1,0.92,0.9,0.91
3,153,20,1,0.9375,0.8333333333333333,0.8854166666666666
3,154,25,1,0.9486486486486486,0.9545454545454545,0.9515970515970515
3,154,176,1,0.9225,0.9907407407407408,0.9566203703703704
3,156,25,1,0.95,0.9545454545454545,0.9522727272727272
3,160,172,1,0.2545454545454545,0.926470588235294,0.5905080213903743
3,161,4,1,0,0.6203389830508474,0.3101694915254237
3,161,28,1,0.9117647058823529,0.9166666666666667,0.9142156862745099
3,161,55,1,0.9346153846153846,0.986842105263158,0.9607287449392713
3,161,176,1,0.9234567901234568,0.9907407407407408,0.9570987654320988
3,161,197,1,0,0.8282051282051281,0.4141025641025641
3,161,377,11,0.9314285714285714,0.9874999999999999,0.9594642857142857
3,161,379,11,0,0.8048780487804879,0.4024390243902439
3,162,391,11,0,0.8421052631578948,0.4210526315789474
3,162,392,11,0,0.7577777777777778,0.3788888888888889
3,162,393,11,0.9192982456140351,0.9891304347826088,0.9542143401983219
3,163,286,2,0.3,0.96875,0.634375
3,163,384,11,0,0.8175,0.40875
3,163,391,11,0,0.8473684210526315,0.4236842105263158
3,163,392,11,0,0.7511111111111111,0.37555555555555553
3,163,393,11,0.9206896551724137,0.9891304347826088,0.9549100449775112
3,165,346,4,0.2571428571428571,0.9515151515151514,0.6043290043290043
3,165,384,11,0,0.8199999999999998,0.4099999999999999
3,166,142,1,0.956,0.9375,0.94675
3,166,393,11,0.9220338983050848,0.9891304347826088,0.9555821665438468
3,167,247,2,0,0.95625,0.478125
3,173,142,1,0.9576923076923077,0.9375,0.9475961538461539
3,173,200,1,0.9195121951219513,0.9883720930232558,0.9539421440726035
3,173,305,2,0.25,0.959375,0.6046875
3,173,318,2,0,0.8224999999999999,0.41124999999999995
3,174,67,1,0.9,0.9895833333333333,0.9447916666666667
3,175,25,1,0.9512820512820512,0.9545454545454545,0.9529137529137528
3,176,55,1,0.937037037037037,0.986842105263158,0.9619395711500975
3,176,70,1,0.9857142857142858,0.8333333333333333,0.9095238095238095
3,176,161,1,0,0.6654545454545454,0.3327272727272727
3,176,377,11,0.9333333333333333,0.9874999999999999,0.9604166666666667
3,176,379,11,0,0.8097560975609757,0.40487804878048783
3,176,380,11,0.9538461538461538,0.9545454545454545,0.9541958041958041
3,176,384,11,0,0.8125,0.40625
3,177,28,1,0.9166666666666666,0.9166666666666667,0.9166666666666667
3,177,142,1,0.9592592592592593,0.9375,0.9483796296296296
3,177,200,1,0.9214285714285715,0.9883720930232558,0.9549003322259136
3,177,318,2,0,0.8175,0.40875
3,177,392,11,0,0.7577777777777778,0.3788888888888889
3,177,393,11,0.9233333333333333,0.9891304347826088,0.9562318840579711
3,178,90,1,0,0.8099999999999999,0.40499999999999997
3,178,200,1,0.9232558139534883,0.9883720930232558,0.9558139534883721
3,178,228,2,0,0.959375,0.4796875
3,184,165,1,0,0.8125,0.40625
3,184,349,4,0.95,0.75,0.85
3,187,172,1,0.25,0.9323529411764705,0.5911764705882352
3,187,173,1,0.9285714285714286,0.9864864864864865,0.9575289575289576
3,187,200,1,0.925,0.9883720930232558,0.9566860465116279
3,189,6,1,0,0.8574999999999999,0.42874999999999996
3,189,314,2,0,0.95625,0.478125
3,192,28,1,0.9210526315789473,0.9166666666666667,0.918859649122807
3,192,95,1,0.25357142857142856,0.9142857142857143,0.5839285714285714
3,192,161,1,0,0.6654545454545454,0.3327272727272727
3,192,384,11,0,0.8125,0.40625
3,193,4,1,0,0.6203389830508474,0.3101694915254237
3,193,161,1,0,0.6581818181818182,0.3290909090909091
3,197,161,1,0,0.6509090909090908,0.3254545454545454
3,200,173,1,0.9318181818181819,0.9864864864864865,0.9591523341523343
3,200,304,2,0.2642857142857143,0.9393939393939393,0.6018398268398268
3,200,318,2,0,0.8224999999999999,0.41124999999999995
3,201,269,2,1.0,0.8333333333333333,0.9166666666666666
3,203,32,1,0.9454545454545454,0.875,0.9102272727272727
3,207,17,1,0,0.7367346938775511,0.36836734693877554
3,214,28,1,0.925,0.9166666666666667,0.9208333333333334
3,218,161,1,0,0.6545454545454545,0.32727272727272727
3,221,32,1,0.95,0.875,0.9125
3,229,342,4,0.9125,0.9848484848484849,0.9486742424242425
3,232,78,1,0,0.9393939393939393,0.46969696969696967
3,234,55,1,0.9392857142857143,0.986842105263158,0.9630639097744361
3,234,161,1,0,0.6545454545454545,0.32727272727272727
3,234,197,1,0,0.8384615384615385,0.41923076923076924
3,237,186,1,0.2625,0.959375,0.6109375
3,244,379,11,0,0.8073170731707318,0.4036585365853659
3,244,380,11,0.955,0.9545454545454545,0.9547727272727272
3,246,176,1,0.9243902439024391,0.9907407407407408,0.9575654923215899
3,248,6,1,0,0.855,0.4275
3,251,94,1,1.0,0.75,0.875
3,273,197,1,0,0.8435897435897435,0.42179487179487174
3,277,146,1,0,0.9454545454545454,0.4727272727272727
3,282,53,1,0.925,0.8333333333333333,0.8791666666666667
3,288,142,1,0.9607142857142857,0.9375,0.9491071428571429
3,289,165,1,0,0.8075,0.40375
3,289,346,4,0,0.9363636363636363,0.46818181818181814
3,296,161,1,0,0.6618181818181817,0.3309090909090909
3,297,354,4,0,0.9242424242424242,0.4621212121212121
3,299,67,1,0.9018518518518519,0.9895833333333333,0.9457175925925926
3,304,200,1,0.9266666666666666,0.9883720930232558,0.9575193798449613
3,305,173,1,0.9347826086956522,0.9864864864864865,0.9606345475910694
3,306,24,1,0.875,0.984375,0.9296875
3,309,180,1,0.9222222222222223,0.986111111111111,0.9541666666666666
3,315,369,4,0.25625,0.9454545454545454,0.6008522727272727
3,317,77,1,0.975,0.75,0.8625
3,318,17,1,0,0.7346938775510204,0.3673469387755102
3,318,90,1,0,0.8075,0.40375
3,318,173,1,0.9375,0.9864864864864865,0.9619932432432432
3,318,200,1,0.9282608695652174,0.9883720930232558,0.9583164812942366
3,319,25,1,0.9525,0.9545454545454545,0.9535227272727272
3,322,4,1,0,0.6220338983050848,0.3110169491525424
3,322,161,1,0,0.6618181818181817,0.3309090909090909
3,334,269,2,1.0,0.8333333333333333,0.9166666666666666
3,335,6,1,0,0.8574999999999999,0.42874999999999996
3,346,165,1,0,0.8099999999999999,0.40499999999999997
3,352,95,1,0,0.9057142857142857,0.45285714285714285
3,354,297,2,0.95,0.8333333333333333,0.8916666666666666
3,356,261,2,0.9625,0.8333333333333333,0.8979166666666667
3,357,70,1,0.9875,0.8333333333333333,0.9104166666666667
3,358,175,1,0.925,0.9,0.9125000000000001
3,371,283,2,0,0.9393939393939393,0.46969696969696967
3,373,200,1,0.9297872340425531,0.9883720930232558,0.9590796635329044
3,373,304,2,0.2625,0.9393939393939393,0.6009469696969697
3,374,95,1,0,0.9057142857142857,0.45285714285714285
3,375,6,1,0,0.8525,0.42625
3,375,200,1,0.93125,0.9883720930232558,0.9598110465116279
3,375,318,2,0,0.8275,0.41375
3,376,4,1,0,0.6220338983050848,0.3110169491525424
3,376,17,1,0,0.7367346938775511,0.36836734693877554
3,376,161,1,0,0.6599999999999999,0.32999999999999996
3,376,176,1,0.9253012048192771,0.9907407407407408,0.958020972780009
3,377,4,1,0,0.6203389830508473,0.31016949152542367
3,377,17,1,0,0.7428571428571429,0.37142857142857144
3,377,161,1,0,0.6636363636363636,0.3318181818181818
3,377,176,1,0.9261904761904762,0.9907407407407408,0.9584656084656085
3,378,4,1,0,0.6152542372881356,0.3076271186440678
3,378,17,1,0,0.7346938775510204,0.3673469387755102
3,378,161,1,0,0.6618181818181817,0.3309090909090909
3,378,176,1,0.9270588235294117,0.9907407407407408,0.9588997821350762
3,379,4,1,0,0.6084745762711864,0.3042372881355932
3,379,17,1,0,0.726530612244898,0.363265306122449
3,379,161,1,0,0.6618181818181817,0.3309090909090909
3,379,176,1,0.9279069767441861,0.9907407407407408,0.9593238587424635
3,380,4,1,0,0.6101694915254237,0.30508474576271183
3,380,17,1,0,0.7285714285714286,0.3642857142857143
3,380,176,1,0.9287356321839081,0.9907407407407408,0.9597381864623244
3,381,4,1,0,0.6135593220338983,0.30677966101694915
3,381,67,1,0.9036363636363637,0.9895833333333333,0.9466098484848484
3,381,90,1,0,0.8049999999999999,0.40249999999999997
3,381,161,1,0,0.6527272727272726,0.3263636363636363
3,381,165,1,0,0.815,0.4075
3,381,176,1,0.9295454545454546,0.9907407407407408,0.9601430976430977
3,382,4,1,0,0.6203389830508473,0.31016949152542367
3,382,67,1,0.9053571428571429,0.9895833333333333,0.947470238095238
3,382,90,1,0,0.8125,0.40625
3,382,165,1,0,0.825,0.4125
3,382,176,1,0.9303370786516854,0.9907407407407408,0.9605389096962131
3,383,4,1,0,0.6203389830508473,0.31016949152542367
3,383,67,1,0.9070175438596492,0.9895833333333333,0.9483004385964913
3,383,90,1,0,0.8125,0.40625
3,383,165,1,0,0.8224999999999999,0.41124999999999995
3,383,176,1,0.9311111111111111,0.9907407407407408,0.960925925925926
3,384,4,1,0,0.6220338983050848,0.3110169491525424
3,384,67,1,0.9086206896551724,0.9895833333333333,0.9491020114942528
3,384,90,1,0,0.8125,0.40625
3,384,165,1,0,0.835,0.4175
3,384,176,1,0.9318681318681319,0.9907407407407408,0.9613044363044363
3,385,4,1,0,0.6203389830508474,0.3101694915254237
3,385,67,1,0.9101694915254237,0.9895833333333333,0.9498764124293785
3,385,90,1,0,0.825,0.4125
3,385,165,1,0,0.8300000000000001,0.41500000000000004
3,385,176,1,0.932608695652174,0.9907407407407408,0.9616747181964573
3,386,17,1,0,0.7306122448979592,0.3653061224489796
3,386,67,1,0.9116666666666666,0.9895833333333333,0.9506249999999999
3,387,17,1,0,0.7326530612244898,0.3663265306122449
3,387,67,1,0.9131147540983606,0.9895833333333333,0.9513490437158469
3,387,180,1,0.9263157894736842,0.986111111111111,0.9562134502923976
3,388,17,1,0,0.726530612244898,0.363265306122449
3,388,67,1,0.9145161290322581,0.9895833333333333,0.9520497311827957
3,388,180,1,0.9299999999999999,0.986111111111111,0.9580555555555554
3,389,67,1,0.9158730158730158,0.9895833333333333,0.9527281746031746
3,390,67,1,0.9171875,0.9895833333333333,0.9533854166666667
3,391,67,1,0.9184615384615384,0.9895833333333333,0.9540224358974358
3,392,67,1,0.9196969696969697,0.9895833333333333,0.9546401515151515
3,393,67,1,0.9208955223880597,0.9895833333333333,0.9552394278606965
3,394,67,1,0.9220588235294118,0.9895833333333333,0.9558210784313725
