id_device,x,y
14601,0.833232355555447,0.498582918545071
14602,0.834506666666493,0.498582918545071
14603,0.837419377777769,0.502595896013372
14604,0.824130133333165,0.508113757373212
14605,0.835780977777904,0.516390587062779
14606,0.865636266666479,0.513631638812876
14607,0.864361955555432,0.513380825584682
14608,0.862359466666749,0.513130012397596
14609,0.864361955555432,0.502094273248804
14610,0.862905599999795,0.502094273248804
14611,0.794092799999998,0.510621882811029
14612,0.77370382222216,0.507862945057423
14613,0.778983111110938,0.508615382128482
14614,0.776070400000026,0.508113757373212
14615,0.792818488888952,0.51037107008051
14616,0.831047822222172,0.498332107805982
14617,0.832322133333218,0.498582918545071
14618,0.863087644444386,0.546488530435818
14619,0.864179911111205,0.546739349140262
14620,0.855987911111151,0.534198464720976
14621,0.85580586666656,0.535452548495232
14622,0.855623822222333,0.536204999258189
14623,0.855623822222333,0.537459084692091
14624,0.855259733333151,0.539465623543947
14625,0.855077688888923,0.540719711674319
14626,0.855077688888923,0.541722982925421
14627,0.854895644444332,0.542977072923531
14628,0.853621333333285,0.542977072923531
14629,0.853621333333285,0.542726254840818
14630,0.853803377777876,0.541973800842243
14631,0.853803377777876,0.541221347217288
14632,0.853985422222104,0.539967258671459
14633,0.854167466666695,0.539214806041855
14634,0.854167466666695,0.538713171162817
14635,0.854531555555514,0.536455816261878
14636,0.854713600000105,0.53495091486111
14637,0.848888177777917,0.54423116395883
14638,0.849798400000145,0.54423116395883
14639,0.850708622222373,0.544481982290017
14640,0.846703644444278,0.54423116395883
14641,0.831229866666763,0.540218076297606
14642,0.83141191111099,0.538963988581963
14643,0.83250417777781,0.53169030028439
14644,0.8319580444444,0.535703365374502
14645,0.832140088888991,0.534449281392881
14646,0.832140088888991,0.533446014954461
14647,0.832322133333218,0.532693565561203
14648,0.832322133333218,0.540468893964862
14649,0.83250417777781,0.539214806041855
14650,0.833050311111219,0.535703365374502
14651,0.833050311111219,0.534700098106259
14652,0.833232355555447,0.533696831501584
14653,0.833414400000038,0.532693565561203
14654,0.833596444444265,0.53169030028439
14655,0.831593955555581,0.537709901903145
14656,0.831775999999809,0.53670663330704
14657,0.832686222222037,0.538211536449671
14658,0.832686222222037,0.536957450393675
14659,0.882202311111178,0.535452548495232
14660,0.881474133333177,0.535452548495232
14661,0.880563911110949,0.535452548495232
14662,0.879471644444493,0.535201731657798
14663,0.878379377777674,0.535201731657798
14664,0.875466666666762,0.534700098106259
14665,0.874010311111124,0.534449281392881
14666,0.872736000000077,0.534449281392881
14667,0.870551466666802,0.534198464720976
14668,0.868184888888936,0.533947648090907
14669,0.867092622222117,0.533696831501584
14670,0.866000355555661,0.533696831501584
14671,0.864908088888842,0.533446014954461
14672,0.862177422222157,0.532442749179609
14673,0.861267199999929,0.532442749179609
14674,0.860174933333474,0.532191932839487
14675,0.859082666666654,0.532191932839487
14676,0.858354488889017,0.53169030028439
14677,0.874556444444534,0.514634892141112
14678,0.873100088888896,0.514634892141112
14679,0.872007822222076,0.514384078746662
14680,0.871097599999848,0.514384078746662
14681,0.870005333333393,0.514133265394048
14682,0.868731022222346,0.514133265394048
14683,0.867456711110935,0.513882452082908
14684,0.866728533333298,0.513631638812876
14685,0.80319502222228,0.733861664996221
14686,0.804287288888736,0.73411251470061
14687,0.805197511110964,0.734363364446472
14688,0.683227733333479,0.452434440988873
14689,0.683227733333479,0.452936047325784
14690,0.683045688888888,0.453437653827859
14691,0.682863644444296,0.454190063892747
14692,0.683045688888888,0.454691670809552
14693,0.683227733333479,0.455193277892977
14694,0.683591822222297,0.455945688828797
14695,0.685958399999799,0.455945688828797
14696,0.686504533333209,0.455694885141929
14697,0.68723271111121,0.455193277892977
14698,0.687414755555437,0.454691670809552
14699,0.687596800000028,0.454190063892747
14700,0.683409777777706,0.451932834818581
14701,0.681771377777841,0.456698100137874
14702,0.680861155555613,0.453939260496554
14703,0.680861155555613,0.452936047325784
14704,0.681225244444431,0.451932834818581
14705,0.681407288889022,0.45118042587419
14706,0.681953422222068,0.45017721452823
14707,0.683045688888888,0.449424806455136
14708,0.681407288889022,0.455694885141929
14709,0.798825955555367,0.480273843614123
14710,0.799736177777595,0.480273843614123
14711,0.801010488889006,0.480524651366432
14712,0.802102755555461,0.480524651366432
14713,0.80319502222228,0.480524651366432
14714,0.804833422222146,0.481026266994741
14715,0.806107733333192,0.481277074871468
14716,0.807200000000012,0.481277074871468
14717,0.808474311111058,0.481527882789669
14718,0.809566577777878,0.481527882789669
14719,0.810476800000106,0.481778690749343
14720,0.813571555555609,0.482029498750489
14721,0.814481777777837,0.482280306793109
14722,0.815392000000065,0.482280306793109
14723,0.816666311111112,0.482531114877202
14724,0.817940622222159,0.482781923002403
14725,0.819214933333205,0.483032731169442
14726,0.820307200000025,0.483032731169442
14727,0.82139946666648,0.483283539377953
14728,0.822309688888708,0.483283539377953
14729,0.823766044444346,0.483534347627574
14730,0.825040355555393,0.483785155919759
14731,0.825768533333394,0.484035964252325
14732,0.826860799999849,0.483785155919759
14733,0.827953066666669,0.484035964252325
14734,0.816120177777702,0.496325623386656
14735,0.817030399999931,0.496325623386656
14736,0.817758577777568,0.496325623386656
14737,0.819032888888978,0.496576433793962
14738,0.819761066666615,0.496325623386656
14739,0.821035377777662,0.496827244242377
14740,0.82194559999989,0.496827244242377
14741,0.823219911110937,0.497078054732629
14742,0.824312177777756,0.497078054732629
14743,0.825222399999984,0.497328865263989
14744,0.814481777777837,0.496074813020823
14745,0.813025422222199,0.495573192413576
14746,0.81193315555538,0.495573192413576
14747,0.811204977777743,0.495573192413576
14748,0.829409422222307,0.497830486452221
14749,0.829773511111125,0.497830486452221
14750,0.841242311111273,0.499586161916522
14751,0.842334577777729,0.499836972862977
14752,0.843426844444548,0.500087783850904
14753,0.844701155555595,0.500087783850904
14754,0.84579342222205,0.500338594880304
14755,0.835780977777904,0.506859696209722
14756,0.835963022222131,0.505605636083783
14757,0.835963022222131,0.504602388729836
14758,0.836145066666722,0.503849953650206
14759,0.798643911111139,0.511123508396486
14760,0.770244977777838,0.507361320550626
14761,0.784080355555488,0.509618632138154
14762,0.764965688888697,0.506608884102025
14763,0.785536711111126,0.509618632138154
14764,0.766786133333153,0.507110508359619
14765,0.767878399999972,0.507110508359619
14766,0.796641422222092,0.510872695583021
14767,0.769152711111019,0.507361320550626
14768,0.787175111110992,0.509869444744254
14769,0.79755164444432,0.511123508396486
14770,0.795367111111045,0.510872695583021
14771,0.790451911111086,0.510120257391827
14772,0.788813511111221,0.510120257391827
14773,0.792090311110951,0.510621882811029
14774,0.799554133333368,0.511374321251788
14775,0.782623999999851,0.509367819573527
14776,0.83632711111095,0.502345084609988
14777,0.831775999999809,0.509117007050372
14778,0.830683733333353,0.508866194569418
14779,0.829591466666534,0.508866194569418
14780,0.828499200000078,0.508615382128482
14781,0.82758897777785,0.508364569730475
14782,0.826314666666804,0.508364569730475
14783,0.825222399999984,0.508113757373212
14784,0.823219911110937,0.507862945057423
14785,0.822127644444481,0.50761213278347
14786,0.820853333333434,0.50761213278347
14787,0.819761066666615,0.507361320550626
14788,0.81866880000016,0.507110508359619
14789,0.817758577777568,0.506859696209722
14790,0.836145066666722,0.514133265394048
14791,0.836145066666722,0.513380825584682
14792,0.835963022222131,0.5153873325733
14793,0.834870755555676,0.514384078746662
14794,0.835052799999903,0.513380825584682
14795,0.837055288888951,0.506859696209722
14796,0.837055288888951,0.506107260009958
14797,0.837237333333178,0.504602388729836
14798,0.837419377777769,0.503849953650206
14799,0.823948088888937,0.514634892141112
14800,0.825222399999984,0.514634892141112
14801,0.826132622222212,0.514885705577035
14802,0.827224888889032,0.514885705577035
14803,0.811751111111153,0.513130012397596
14804,0.810658844444333,0.513130012397596
14805,0.82813511111126,0.515136519054431
14806,0.829773511111125,0.5153873325733
14807,0.8319580444444,0.515638146133279
14808,0.830865777777944,0.515638146133279
14809,0.809566577777878,0.512879199252347
14810,0.808292266666831,0.512628386148572
14811,0.80701795555542,0.512377573086269
14812,0.818850844444387,0.513882452082908
14813,0.819579022222024,0.514133265394048
14814,0.820853333333434,0.514133265394048
14815,0.822127644444481,0.514384078746662
14816,0.823037866666709,0.514384078746662
14817,0.79755164444432,0.511123508396486
14818,0.781167644444577,0.509117007050372
14819,0.853803377777876,0.500840217063887
14820,0.852711111111057,0.500589405951541
14821,0.850708622222373,0.500338594880304
14822,0.850526577777782,0.50109102821807
14823,0.849434311110963,0.500840217063887
14824,0.854895644444332,0.512126760065439
14825,0.853257244444467,0.511875947085718
14826,0.852347022222239,0.511625134148198
14827,0.853075199999876,0.511374321251788
14828,0.850344533333191,0.511625134148198
14829,0.849980444444373,0.511374321251788
14830,0.847977955555689,0.511374321251788
14831,0.847249777777688,0.510621882811029
14832,0.846157511111232,0.51037107008051
14833,0.858718577777836,0.505605636083783
14834,0.858536533333245,0.506358072035073
14835,0.858354488889017,0.50761213278347
14836,0.858172444444426,0.509117007050372
14837,0.857990399999835,0.51037107008051
14838,0.859264711111246,0.510621882811029
14839,0.859446755555473,0.509117007050372
14840,0.859628800000064,0.507862945057423
14841,0.859810844444291,0.506608884102025
14842,0.829955555555352,0.484286772627092
14843,0.831229866666763,0.484537581042241
14844,0.832322133333218,0.484788389500318
14845,0.833414400000038,0.484788389500318
14846,0.834688711111085,0.48503919799914
14847,0.835780977777904,0.485290006539435
14848,0.836691200000132,0.485290006539435
14849,0.841606400000092,0.486042432409158
14850,0.845065244444413,0.486544049863733
14851,0.84579342222205,0.486544049863733
14852,0.847067733333461,0.486794858652866
14853,0.848342044444507,0.487045667483471
14854,0.849616355555554,0.487045667483471
14855,0.850890666666601,0.487045667483471
14856,0.851800888888829,0.48729647635555
14857,0.852893155555648,0.487547285269829
14858,0.853621333333285,0.487547285269829
14859,0.854713600000105,0.487798094224854
14860,0.85580586666656,0.487798094224854
14861,0.856898133333379,0.488048903221352
14862,0.857808355555608,0.488048903221352
14863,0.858536533333245,0.488299712259322
14864,0.86072106666652,0.488550521339494
14865,0.862177422222157,0.488550521339494
14866,0.863451733333204,0.48880133046041
14867,0.864726044444251,0.489052139623527
14868,0.866000355555661,0.489052139623527
14869,0.867092622222117,0.48930294882739
14870,0.850162488888964,0.510872695583021
14871,0.858718577777836,0.515136519054431
14872,0.858536533333245,0.516139773378381
14873,0.858354488889017,0.517143028365899
14874,0.851800888888829,0.500589405951541
14875,0.858172444444426,0.518647912092274
14876,0.857444266666789,0.515136519054431
14877,0.856169955555379,0.52416583186714
14878,0.856169955555379,0.525169092165015
14879,0.855987911111151,0.526172353127185
14880,0.855623822222333,0.528178877042592
14881,0.855441777777742,0.529432955838274
14882,0.856534044444561,0.529934587646858
14883,0.856898133333379,0.528429692718782
14884,0.857080177777607,0.526423168471229
14885,0.857262222222198,0.525419907343166
14886,0.857262222222198,0.52416583186714
14887,0.859992888888883,0.521657684025558
14888,0.861267199999929,0.521908498623088
14889,0.862541511110976,0.522159313261727
14890,0.863633777777795,0.522159313261727
14891,0.864726044444251,0.522410127942567
14892,0.86581831111107,0.522660942664152
14893,0.86691057777789,0.522660942664152
14894,0.869641244444574,0.523162572232104
14895,0.87073351111103,0.523162572232104
14896,0.871825777777849,0.523162572232104
14897,0.872918044444305,0.523413387078836
14898,0.874192355555715,0.523664201966676
14899,0.875648711110989,0.523915016896353
14900,0.878379377777674,0.52416583186714
14901,0.877105066666627,0.523915016896353
14902,0.833960533333448,0.520152797312039
14903,0.833960533333448,0.521156054954918
14904,0.833778488888856,0.522410127942567
14905,0.835052799999903,0.521657684025558
14906,0.833596444444265,0.523664201966676
14907,0.833414400000038,0.524667461933132
14908,0.833232355555447,0.525670722562791
14909,0.834324622222266,0.526924799284461
14910,0.834506666666493,0.526172353127185
14911,0.834506666666493,0.524667461933132
14912,0.834688711111085,0.523915016896353
14913,0.834870755555676,0.522911757427937
14914,0.844337066666776,0.519651168739802
14915,0.843244799999957,0.519400354515165
14916,0.845429333333232,0.519651168739802
14917,0.84633955555546,0.51990198300482
14918,0.840332088888681,0.519149540332728
14919,0.841242311111273,0.519400354515165
14920,0.842334577777729,0.519400354515165
14921,0.847431822222279,0.51990198300482
14922,0.848342044444507,0.520152797312039
14923,0.849434311110963,0.520152797312039
14924,0.850526577777782,0.520403611660731
14925,0.851800888888829,0.520654426050896
14926,0.871097599999848,0.54974917683503
14927,0.872007822222076,0.54974917683503
14928,0.873100088888896,0.550250815365507
14929,0.874374399999942,0.550501634692773
14930,0.875648711110989,0.550752454061148
14931,0.877105066666627,0.551003273471724
14932,0.878015288888855,0.551254092923045
14933,0.879107555555674,0.551504912416567
14934,0.880017777777903,0.551755731951198
14935,0.881110044444358,0.552006551527302
14936,0.870005333333393,0.548244262241133
14937,0.871279644444439,0.548495081236615
14938,0.872553955555486,0.548745900273207
14939,0.873646222222305,0.548996719351271
14940,0.874738488888761,0.549247538471536
14941,0.880563911110949,0.550501634692773
14942,0.881838222222359,0.550752454061148
14943,0.87583075555558,0.549498357632547
14944,0.84688568888887,0.544983619077539
14945,0.847795911111098,0.545234437533509
14946,0.849252266666735,0.545485256030952
14947,0.850344533333191,0.545736074569504
14948,0.85143680000001,0.545736074569504
14949,0.852529066666466,0.545986893150257
14950,0.856534044444561,0.545485256030952
14951,0.857626311111017,0.545485256030952
14952,0.858900622222063,0.545736074569504
14953,0.860539022222292,0.546237711772119
14954,0.861813333333339,0.546488530435818
14955,0.281273599999986,0.179334428817674
14956,0.280545422222349,0.179334428817674
14957,0.279817244444348,0.179835944831211
14958,0.278724977777893,0.180337461009913
14959,0.277996799999892,0.180588219161655
14960,0.277450666666482,0.181089735589194
14961,0.322051555555663,0.217199354206241
14962,0.321687466666481,0.217951647069276
14963,0.319502933333206,0.223719238086778
14964,0.319320888888979,0.22422076877665
14965,0.366470399999889,0.235756020426925
14966,0.366106311111071,0.237009857414887
14967,0.36592426666648,0.237511392500164
14968,0.365560177777661,0.239768302437005
14969,0.365196088888842,0.240520606495193
14970,0.364467911111205,0.241774447422358
14971,0.321505422222253,0.25431291370478
14972,0.320777244444253,0.253811373063218
14973,0.320231111111207,0.253560602804646
14974,0.319684977777797,0.250802132696481
14975,0.319138844444387,0.250551362935585
14976,0.318592711110978,0.250049823537847
14977,0.13800462222207,0.566303335956036
14978,0.137822577777843,0.567306624135381
14979,0.137822577777843,0.569313202486592
14980,0.137640533333251,0.570065670053009
14981,0.185882311110981,0.576336247628205
14982,0.185518222222163,0.577088718679443
14983,0.185700266666754,0.58210520190114
14984,0.185154133333344,0.58260685113637
14985,0.210276266666551,0.571319783493527
14986,0.21191466666678,0.572824720991048
14987,0.212642844444417,0.57332636715546
14988,0.213188977777827,0.573828013486127
14989,0.225567999999839,0.606184552402556
14990,0.225203911111021,0.606937038267642
14991,0.224111644444565,0.60894366906723
14992,0.223747555555383,0.609445327182038
14993,0.877469155555445,0.799334846173588
14994,0.852347022222239,0.777510138262005
14995,0.860174933333474,0.797327963362477
14996,0.80865635555565,0.761455381296037
14997,0.870551466666802,0.790805612576514
14998,0.793364622222361,0.758695987065585
14999,0.724369777777611,0.764465635276429
15000,0.89021226666664,0.801341731640423
15001,0.798825955555367,0.80686068037503
15002,0.722731377777745,0.732607417098188
15003,0.764601599999878,0.78629015539409
15004,0.606951111111266,0.627003465772214
15005,0.741481955555355,0.78177471166091
15006,0.780621511111167,0.799836567291277
15007,0.81320746666679,0.80058914927904
15008,0.692876088888806,0.731604019526276
15009,0.780439466666576,0.755685744541552
15010,0.70598328888882,0.731854868857045
15011,0.845611377777823,0.824421105473448
15012,0.621878755555372,0.618726032246195
15013,0.620058311110915,0.613458598076249
15014,0.34662755555546,0.251805212155159
15015,0.355001600000105,0.259328329242999
15016,0.345535288889005,0.241022142741713
15017,0.332063999999809,0.246037514327327
15018,0.35718613333338,0.253560602804646
15019,0.340802133333273,0.241523679153761
15020,0.339709866666817,0.248795975769099
15021,0.6140508444445,0.627254297797117
15022,0.6140508444445,0.613207768334178
15023,0.62333511111101,0.620231016798789
15024,0.369019022222346,0.252557522184725
15025,0.350450488888964,0.242526752475533
15026,0.616417422222366,0.616468558218185
15027,0.847245991253294,0.51065423765649
15028,0.848100489671197,0.510764118728912
15029,0.848918360746757,0.510873974728747
15030,0.850041411128768,0.511032663990773
15031,0.851213285831182,0.511191353269533
15032,0.852409572693432,0.511350042565391
15033,0.853618074737824,0.511472113194759
15034,0.85491201024015,0.511655231698387
15035,0.855961824142287,0.511777302352493
15036,0.764689855146571,0.506699176456095
15037,0.76572743566212,0.506845650730975
15038,0.766777249564257,0.507040958146536
15039,0.76788808476449,0.507187457535474
15040,0.768998919964361,0.507309527829784
15041,0.770146382506573,0.507492620749326
15042,0.784379782257747,0.509421342971473
15043,0.785368556657704,0.509543413445499
15044,0.786418370559841,0.509628865291597
15045,0.787748933404509,0.5098119584909
15046,0.788859768604379,0.50995843306664
15047,0.789860739982032,0.510117147314668
15048,0.791008202524245,0.510275836497749
15049,0.791874897919843,0.510434525697201
15050,0.792936908800039,0.510593214913752
15051,0.794157626026572,0.510739689564798
15052,0.795305088568784,0.510910593396693
15053,0.796403708586513,0.510996045319916
15054,0.79747793464885,0.511179138684383
15055,0.798539945529046,0.511313423886895
15056,0.799479877404519,0.511472113194759
15057,0.807145896391012,0.512448678584769
15058,0.808549713920002,0.512643986722469
15059,0.809489645795475,0.512778272054129
15060,0.810502832355633,0.51287591360051
15061,0.811662510079987,0.513022413553335
15062,0.819243077404462,0.514108836175728
15063,0.820573640248767,0.514316359137592
15064,0.821769927111018,0.514523882127833
15065,0.822587798186578,0.514450619536365
15066,0.82344229660448,0.5146215237859
15067,0.824345601137611,0.514743594679021
15068,0.825383199857606,0.51489009481229
15069,0.826420798577601,0.515073188647511
15070,0.827360748657884,0.515195259576649
15071,0.828459386880058,0.515292926359689
15072,0.829777734542222,0.515476020243295
15073,0.830839745422054,0.515610305825976
15074,0.831791892480032,0.515781185125525
15075,0.866623275235543,0.513271420867386
15076,0.867612031431054,0.513405706255071
15077,0.869675031893348,0.513674251984776
15078,0.870651591111164,0.5137963228015
15079,0.871786838471235,0.513930608235387
15080,0.87282443719123,0.514089297817918
15081,0.873996311893279,0.514272416637687
15082,0.875021713635579,0.514357843668404
15083,0.817424216746804,0.506735795023269
15084,0.818644915768891,0.506870054751198
15085,0.819536041528772,0.506979935549316
15086,0.820573640248767,0.50712640985148
15087,0.821672260266496,0.507285098721331
15088,0.822685446826654,0.507407169023645
15089,0.823906164053187,0.507565857923328
15090,0.824980371911079,0.507736761397246
15091,0.826091207110949,0.507834427699709
15092,0.827238669653161,0.507993116644502
15093,0.828410544355574,0.508151805605303
15094,0.829594634240129,0.508310494582838
15095,0.830827548444358,0.508456969013059
15096,0.831791892480032,0.508603468538786
15097,0.839445714488829,0.518550571151354
15098,0.840519922346721,0.518745880074857
15099,0.841594148408694,0.518941189023099
15100,0.842839259590983,0.519038856047337
15101,0.844108782933472,0.519185331514018
15102,0.845158596835608,0.519382270811184
15103,0.846208392533299,0.519528746311698
15104,0.847319245937615,0.519675246906991
15105,0.848564357119903,0.51983393709088
15106,0.849748447004458,0.52000484194723
15107,0.850859282204328,0.520139102849498
15108,0.852043353884437,0.520297793081772
15109,0.85970937287093,0.521237745237886
15110,0.86069814727125,0.521433054506997
15111,0.861625882169028,0.521640578471488
15112,0.864836326968725,0.522043411812046
15113,0.865715237546829,0.522128864362458
15114,0.866679599786585,0.522250935859483
15115,0.867736240355589,0.522403381026743
15116,0.868798251235421,0.52254985681866
15117,0.869658101760069,0.522678173637178
15118,0.870915428124499,0.522861268412453
15119,0.872062890666712,0.522946721009066
15120,0.873210353208924,0.523129840898036
15121,0.87427920896007,0.523270071470324
15122,0.875744047786793,0.523521387964138
15123,0.846183980373462,0.510519977593503
15124,0.877123434951136,0.523704482842004
15125,0.878771392284398,0.523912007116815
15126,0.879796775822251,0.524046293446736
15127,0.814457911751015,0.503976989746297
15128,0.814604402915575,0.502927192858988
15129,0.814726463715488,0.501730897821835
15130,0.814909582222026,0.500913027537899
15131,0.814921779200085,0.500021920881409
15132,0.815104879502178,0.499045363494588
15133,0.81023428039116,0.495151304530737
15134,0.811174230471079,0.495285588313709
15135,0.812321674808845,0.495419872108323
15136,0.813249409706623,0.495566345293628
15137,0.814225987128884,0.49565179635174
15138,0.815153722026662,0.495810484021058
15139,0.816374421048749,0.495993600632937
15140,0.817814847715636,0.496188906650787
15141,0.818803622115593,0.4963231905258
15142,0.819767966151267,0.496372023308504
15143,0.820768955733365,0.496591733230161
15144,0.821855378773398,0.496701613283221
15145,0.822844134968909,0.49682368273352
15146,0.823784085048828,0.496945752194006
15147,0.824919332408899,0.497080036135594
15148,0.828837802666749,0.49760493246431
15149,0.830095129031179,0.497824642564228
15150,0.831047276088793,0.497910093750033
15151,0.832145896106522,0.498032163297466
15152,0.833232319146555,0.498178661816201
15153,0.834221093546512,0.498361753633071
15154,0.840971592817732,0.499179622541487
15155,0.842375392142276,0.499387143459899
15156,0.844108782933472,0.499667926280381
15157,0.845671288604353,0.499875447266095
15158,0.848173726151072,0.500241656412618
15159,0.849443267697643,0.500388130063584
15160,0.850566318080018,0.500497985311085
15161,0.851957920426503,0.500644484068107
15162,0.852812400639959,0.500790957757999
15163,0.853801175039916,0.500961860468669
15164,0.855046286222205,0.501096144766052
15165,0.854894442951263,0.54354833634352
15166,0.855016503751176,0.542645014873051
15167,0.855089758435497,0.541814932769194
15168,0.855162994915372,0.540887207763444
15169,0.85535831039997,0.539739742038728
15170,0.856017493333275,0.534600599111582
15171,0.855858786986573,0.535601558798589
15172,0.855675686684481,0.536443852289813
15173,0.855529195519921,0.537664554148068
15174,0.855529195519921,0.529205089643801
15175,0.855663489706785,0.528082037121203
15176,0.855949608960145,0.525717725339928
15177,0.856120512284542,0.524716747095954
15178,0.856254788266597,0.523752388491266
15179,0.858049218559972,0.518955033962629
15180,0.858183494542027,0.517929630903382
15181,0.858354397866788,0.517062943512428
15182,0.8584520465065,0.516281683756097
15183,0.858586322488918,0.515219663731113
15184,0.859228302222255,0.510270745000162
15185,0.859337528888864,0.509718957175573
15186,0.859446755555473,0.508816032077448
15187,0.859574186666578,0.507637214008719
15188,0.859756231111169,0.506483478063456
15189,0.856871973546731,0.518938956777129
15190,0.857018464710927,0.518011220686458
15191,0.857091701191166,0.517229985522863
15192,0.857316799146793,0.516086375150189
15193,0.85743350783996,0.515008303199284
15194,0.858043848248781,0.510333021792758
15195,0.858268946204407,0.508847609365694
15196,0.858342182684282,0.508127376483026
15197,0.858464261689005,0.507187457535474
15198,0.858574125511222,0.506198680988018
15199,0.858732813653478,0.505100049496832
15200,0.832365623750957,0.540610304984511
15201,0.832451075413337,0.539475054282229
15202,0.832536527075717,0.538461852151158
15203,0.832707430400114,0.537448675778432
15204,0.832829491200027,0.536459904579169
15205,0.833024806684261,0.535373491023711
15206,0.833122455324337,0.534360291632765
15207,0.833207906986718,0.533408141659311
15208,0.833342182968772,0.532309515534871
15209,0.833513086293169,0.531369581597028
15210,0.836796785777915,0.506979935549316
15211,0.836894434417627,0.505954540587845
15212,0.837077534720083,0.504855909273465
15213,0.837272850204317,0.503391068759083
15214,0.837419341368877,0.502219177301595
15215,0.831291415893429,0.539523863373324
15216,0.831425691875484,0.538535115902778
15217,0.831633204337777,0.537607367822056
15218,0.831743068159994,0.536533143152337
15219,0.831865147164353,0.535532182850147
15220,0.831987207964266,0.534250433932175
15221,0.832084874808788,0.533249450055155
15222,0.83228017208894,0.532211872737025
15223,0.832402251093299,0.531162056301037
15224,0.83315908266668,0.525095151858113
15225,0.83330557383124,0.524020936053057
15226,0.833427634631153,0.522897887369982
15227,0.833586322773408,0.52172603099898
15228,0.833745029120109,0.520712840728083
15229,0.833879305102164,0.519699651133851
15230,0.835624911075502,0.506479439989198
15231,0.83575918705792,0.505466259905734
15232,0.835917875199812,0.504428651437047
15233,0.836076563342067,0.503317806705309
15234,0.836210839324485,0.502182558843197
15235,0.857231693368885,0.524969719209548
15236,0.856877689742032,0.52925440003637
15237,0.856877689742032,0.528143562198602
15238,0.857109614364526,0.525763173063751
15239,0.834250166044512,0.526205485831451
15240,0.834335617706529,0.525143483937427
15241,0.857402596693282,0.524005360443698
15242,0.86867404231125,0.513539991654397
15243,0.834457696711252,0.524179125061346
15244,0.834604169671002,0.523141528869019
15245,0.834750660835562,0.522335861710962
15246,0.834933761137654,0.521310481446562
15247,0.835625238755529,0.515863276419987
15248,0.835710690417909,0.51485009006683
15249,0.835893808924448,0.51373926278211
15250,0.83601586972436,0.512677244537917
15251,0.831132709546728,0.540476017187393
15252,0.834697503857751,0.513751452307042
15253,0.834856210204453,0.512481936396216
15254,0.865576719928868,0.513114286412383
15255,0.864465884728997,0.513004430251021
15256,0.862537160248758,0.512711455443787
15257,0.844613938062321,0.530551193693827
15258,0.845688164124294,0.530770908567501
15259,0.846713547662148,0.530844171947319
15260,0.847836598044523,0.530978433809651
15261,0.848837569422176,0.531124935511616
15262,0.850070483626769,0.53129581655885
15263,0.851266770489019,0.531442318292102
15264,0.858659577173239,0.532431587851897
15265,0.859489645226495,0.532541445420793
15266,0.860588283449033,0.532700136950734
15267,0.861564842666485,0.532822209299411
15268,0.862614656568985,0.532993115620047
15269,0.87099334314662,0.534213313067085
15270,0.871957687182294,0.534286551531841
15271,0.873288250026599,0.534469647708465
15272,0.87508269852442,0.534701577925443
15273,0.877861224675507,0.535068297116959
15274,0.879240630044296,0.535202584434592
15275,0.880620017209003,0.535385680722538
15276,0.881962795235449,0.535617611078851
15277,0.882927157475569,0.535739683662541
15278,0.844824763733413,0.544046912838894
15279,0.847144100977675,0.544327678847549
15280,0.848450251662143,0.544510776237075
15281,0.849536674702176,0.544657254164486
15282,0.851025943893183,0.544840376675711
15283,0.856462646613363,0.545526365186379
15284,0.857353754168798,0.545709462720697
15285,0.858208252586701,0.545892585359252
15286,0.858965084160081,0.546014633687446
15287,0.860942632959996,0.546319829798085
15288,0.862065683342371,0.546563951615826
15289,0.862993418240148,0.546795883682353
15290,0.863945565297763,0.54696679157787
15291,0.864995360995454,0.547198723706242
15292,0.868774967751233,0.547916542204257
15293,0.86999566677332,0.548258333185368
15294,0.871289602275647,0.548526885087995
15295,0.872351613155479,0.548758817454654
15296,0.873523487857892,0.54903958433606
15297,0.87489067804454,0.549356970866211
15298,0.875952688924372,0.549576688465095
15299,0.880803463395569,0.55067773496703
15300,0.881816649955363,0.550885237852344
15301,0.847009824995621,0.545572791696031
15302,0.848120660195491,0.54568265021735
15303,0.849451223039796,0.545877962635859
15304,0.850586488604313,0.546048870428058
15305,0.851697323804547,0.546158728983573
15306,0.852759334684379,0.546305207070327
15307,0.870801322666739,0.549625522963106
15308,0.871936588231256,0.549894075107295
15309,0.873047423431126,0.55017484219934
15310,0.874023982648941,0.550357940295362
15311,0.875183660373295,0.550638707472535
15312,0.876209043911149,0.550834020529146
15313,0.877319879111019,0.551065953249054
15314,0.878479556835373,0.551346720557194
15315,0.87940729173315,0.551529818794734
15316,0.880457087431205,0.551737346878144
15317,0.881677786453292,0.551944849907886
15318,0.85370352639984,0.542954047821695
15319,0.853849999359954,0.541708937123622
15320,0.85400868750221,0.540671328935059
15321,0.85415517866677,0.539645936271336
15322,0.854313866809025,0.538388613484494
15323,0.854399318471042,0.537424271266355
15324,0.85453359445346,0.536350046726147
15325,0.854692282595352,0.535214799214009
15326,0.854838773759911,0.534103957009938
15327,0.778417389795504,0.508616611109755
15328,0.777330966755471,0.508470111582574
15329,0.833854510648962,0.542822694388815
15330,0.835172876515571,0.542993601836497
15331,0.821349513671157,0.541734269731023
15332,0.822521388373207,0.541844153055717
15333,0.83931105621341,0.543469679758346
15334,0.840678246400057,0.543628372432431
15335,0.841850121102107,0.543787065122888
15336,0.823705478257762,0.541941796473839
15337,0.779674716159934,0.508799704186822
15338,0.780663472355445,0.508909560044049
15339,0.819310943573146,0.541551172676554
15340,0.820275305813266,0.541624411496014
15341,0.818309972195493,0.541441314455005
15342,0.869518455466459,0.53403164657575
15343,0.867662985670904,0.533726478020617
15344,0.86671083861329,0.533579976067267
15345,0.865563376071077,0.533409094762101
15346,0.838573630577594,0.534764056374843
15347,0.838695709582316,0.533641024816461
15348,0.838866612906713,0.532383681927968
15349,0.839013085866463,0.531285056545312
15350,0.763327288888831,0.504351576995032
15351,0.765875911110925,0.488048903221352
15352,0.83250417777781,0.541973800842243
15353,0.83250417777781,0.541973800842243
15354,0.838329599999997,0.498332107805982
15355,0.857990399999835,0.522660942664152
15356,0.856898133333379,0.513380825584682
15357,0.862359466666749,0.494068331588278
15358,0.886571377777727,0.537208267522146
15359,0.888937955555593,0.518397098033893
15360,0.593843911111253,0.305470930456067
15361,0.551609599999938,0.355125950073125
15362,0.515746844444584,0.333809202077828
15363,0.600761599999896,0.300204584343737
15364,0.612412444444271,0.317759142503928
15365,0.647364977777761,0.384468316828861
15366,0.58892871111093,0.343339005322923
15367,0.609863822222178,0.345596072757689
15368,0.437649777777915,0.268606891716263
15369,0.546512355555387,0.350110217705151
15370,0.398328177777876,0.278387059560191
15371,0.443839288888921,0.291678157985007
15372,0.522846577777818,0.340329587301676
15373,0.536681955555468,0.349859431522054
15374,0.560529777777629,0.358386185009294
15375,0.457492622222344,0.300706140329203
15376,0.357914311111017,0.250551362935585
15377,0.568903822222273,0.312492753719926
15378,0.513380266666718,0.298699917385602
15379,0.408522666666613,0.253059062411921
15380,0.498816711111067,0.313495873982902
15381,0.370293333333393,0.236508322495501
15382,0.57072426666673,0.35913854791288
15383,0.389043911111003,0.244532901109778
15384,0.547604622222207,0.308229500003654
15385,0.431460266666545,0.285408757421828
15386,0.497178311111202,0.290925828549371
15387,0.539412622222153,0.301458474616811
15388,0.532676977777737,0.302963144312525
15389,0.386859377777728,0.270362301813293
15390,0.57127040000014,0.323025549577505
15391,0.499362844444477,0.456196492556774
15392,0.387223466666546,0.407290550171456
15393,0.446205866666787,0.436132325381914
15394,0.39486933333319,0.410049304943823
15395,0.484981333333417,0.45118042587419
15396,0.439470222222371,0.426601938975364
15397,0.510285511111215,0.294436702443636
15398,0.441654755555646,0.26409298936851
15399,0.558709333333172,0.352618081815308
15400,0.430550044444317,0.279640931793983
15401,0.494447644444517,0.283904105142574
15402,0.508283022222167,0.32001617186761
15403,0.474240711110906,0.307727941530902
15404,0.520115911111134,0.332555285056515
15405,0.563806577777723,0.343339005322923
15406,0.412163555555526,0.279640931793983
15407,0.426180977777767,0.259328329242999
15408,0.423268266666491,0.28766573863868
15409,0.53140266666669,0.342586650257726
15410,0.520844088888771,0.294436702443636
15411,0.356457955555379,0.229737617315186
15412,0.668118044444418,0.538211536449671
15413,0.667571911111008,0.544983619077539
15414,0.667389866666781,0.553260650031007
15415,0.659379911110955,0.554765569603842
15416,0.657559466666498,0.556019670389287
15417,0.788813511111221,0.523915016896353
15418,0.780439466666576,0.501341839413362
15419,0.802648888888871,0.521657684025558
15420,0.805015466666737,0.497830486452221
15421,0.805015466666737,0.508364569730475
15422,0.806107733333192,0.511875947085718
15423,0.810840888888924,0.512628386148572
15424,0.820125155555434,0.513380825584682
15425,0.824858311111166,0.514384078746662
15426,0.828499200000078,0.514384078746662
15427,0.832322133333218,0.515136519054431
15428,0.822127644444481,0.507862945057423
15429,0.834324622222266,0.509618632138154
15430,0.822855822222118,0.504351576995032
15431,0.825222399999984,0.504853200506113
15432,0.82194559999989,0.500087783850904
15433,0.81320746666679,0.494569951697486
15434,0.827406933333259,0.497830486452221
15435,0.837965511111179,0.506859696209722
15436,0.837419377777769,0.50109102821807
15437,0.842152533333137,0.511123508396486
15438,0.862359466666749,0.514133265394048
15439,0.860356977777701,0.507361320550626
15440,0.856716088888788,0.500840217063887
15441,0.326238577777622,0.306474046074436
15442,0.602400000000125,0.464974649179203
15443,0.577823999999964,0.481026266994741
15444,0.591659377777614,0.475508504205209
15445,0.582557155555696,0.461964989755506
15446,0.600943644444487,0.476762539440097
15447,0.59839502222203,0.482280306793109
15448,0.298567822222321,0.202153575301054
15449,0.572726755555414,0.460710966758779
15450,0.579098311111011,0.461463380432542
15451,0.58019057777783,0.474003663292751
15452,0.59402595555548,0.463720623693371
15453,0.615871288888957,0.4790198054754
15454,0.587654399999883,0.48077545915985
15455,0.581464888888877,0.481527882789669
15456,0.606951111111266,0.477514961078487
15457,0.625337600000057,0.477765768374229
15458,0.610227911110997,0.482781923002403
15459,0.591477333333387,0.468235120296231
15460,0.573272888888823,0.476762539440097
15461,0.586562133333427,0.47475608356217
15462,0.576003555555508,0.461212575833269
15463,0.607497244444312,0.331301369072025
15464,0.29401671111118,0.197639870734929
15465,0.668482133333237,0.384468316828861
15466,0.582193066666514,0.366662197478945
15467,0.375572622222171,0.256068307256646
15468,0.637716622222069,0.346850000561608
15469,0.604402488888809,0.326034933258779
15470,0.376846933333218,0.239266766604851
15471,0.617873777777641,0.325282586778485
15472,0.289647644444267,0.191370858901064
15473,0.737476977777624,0.547742624374951
15474,0.711444622222189,0.545986893150257
15475,0.715813688888738,0.551254092923045
15476,0.726736355555477,0.555768850149252
15477,0.716905955555558,0.555267209793601
15478,0.706529422222229,0.553009830247174
15479,0.698701511110994,0.552257371145242
15480,0.740207644444308,0.503348330470908
15481,0.750584177777637,0.509117007050372
15482,0.761506844444375,0.51990198300482
15483,0.815938133333475,0.493817521595702
15484,0.826132622222212,0.50109102821807
15485,0.838329599999997,0.511123508396486
15486,0.850344533333191,0.500087783850904
15487,0.859082666666654,0.516139773378381
15488,0.865272177777661,0.514634892141112
15489,0.833232355555447,0.519149540332728
15490,0.835234844444494,0.523413387078836
15491,0.857262222222198,0.529934587646858
15492,0.855259733333151,0.526172353127185
15493,0.869095111111164,0.532693565561203
15494,0.845065244444413,0.52868050843681
15495,0.833232355555447,0.537960719156399
15496,0.629342577777788,0.342085080422112
15497,0.624427377777829,0.335313903872157
15498,0.687596800000028,0.552006551527302
15499,0.68104319999984,0.553762289722727
15500,0.740389688888899,0.510120257391827
15501,0.744030577777812,0.511875947085718
15502,0.750402133333409,0.517143028365899
15503,0.760960711110965,0.513882452082908
15504,0.774614044444388,0.514384078746662
15505,0.833778488888856,0.541722982925421
15506,0.841788444444319,0.542726254840818
15507,0.826132622222212,0.49256347225637
15508,0.755317333333369,0.48729647635555
15509,0.780257422222348,0.497078054732629
15510,0.689781333333303,0.474254470007509
15511,0.690691555555532,0.479270613020344
15512,0.693604266666807,0.486293241115345
15513,0.374662399999943,0.402525440113459
15514,0.481340444444504,0.441399143567469
15515,0.356275911111152,0.398512727468187
15516,0.469325511110947,0.436633926325885
15517,0.42982186666668,0.422087566320261
15518,0.357004088888789,0.396757169024932
15519,0.495904000000155,0.447418386750724
15520,0.344260977777594,0.376693788298871
15521,0.48752995555551,0.443907158657021
15522,0.409979022222251,0.41531603253643
15523,0.409432888888841,0.422338364448297
15524,0.397782044444466,0.417573207104579
15525,0.456764444444343,0.432370323592477
15526,0.50136533333316,0.449424806455136
15527,0.501001244444342,0.456447296326587
15528,0.576731733333145,0.315502116500284
15529,0.659379911110955,0.411554082389557
15530,0.591841422222205,0.327038062480278
15531,0.669756444444283,0.418576396879871
15532,0.639172977777707,0.396255581271544
15533,0.60403839999999,0.374436674578465
15534,0.646454755555533,0.410550897259964
15535,0.632983466666701,0.41080169347988
15536,0.615507200000138,0.329295105653
15537,0.633893688888929,0.348856287205126
15538,0.658651733333318,0.381709608594247
15539,0.670848711111103,0.393998438434937
15540,0.364103822222387,0.404030210093333
15541,0.423814399999901,0.419830385032401
15542,0.444749511111149,0.428357531970687
15543,0.423268266666491,0.428106732846936
15544,0.647911111111171,0.388982577491697
15545,0.633165511110928,0.339828018212575
15546,0.651369955555492,0.367163775443623
15547,0.618601955555641,0.334812336441246
15548,0.672305066666741,0.396255581271544
15549,0.598212977777803,0.311740413957887
15550,0.58892871111093,0.282901004453015
15551,0.748035555555543,0.486042432409158
15552,0.606404977777856,0.465476259664138
15553,0.565444977777588,0.459958553458273
15554,0.592387555555615,0.500338594880304
15555,0.59402595555548,0.503599142039457
15556,0.652644266666539,0.375439835817087
15557,0.647547022222352,0.369671667757211
15558,0.48807608888892,0.305721709298814
15559,0.344078933333367,0.250802132696481
15560,0.661564444444593,0.378449323515088
15561,0.675217777777652,0.388982577491697
15562,0.338799644444589,0.354624376089851
15563,0.383218488888815,0.241774447422358
15564,0.362647466666749,0.232496049110341
15565,0.609499733333359,0.312994313768286
15566,0.599123200000031,0.370424036259646
15567,0.668300088889009,0.531941116541202
15568,0.665933511111143,0.534198464720976
15569,0.657559466666498,0.534449281392881
15570,0.648821333333399,0.534449281392881
15571,0.650277688889037,0.538713171162817
15572,0.654828799999814,0.544481982290017
15573,0.662110577777639,0.551755731951198
15574,0.72928497777757,0.540468893964862
15575,0.72928497777757,0.53670663330704
15576,0.72928497777757,0.530687035671144
15577,0.727464533333477,0.52416583186714
15578,0.727100444444295,0.542977072923531
15579,0.717998222222377,0.54347870921265
15580,0.713629155555463,0.544481982290017
15581,0.708167822222094,0.54423116395883
15582,0.696516977777719,0.542977072923531
15583,0.717270044444376,0.540970529424885
15584,0.716541866666739,0.535954182295973
15585,0.716905955555558,0.530687035671144
15586,0.711444622222189,0.518146284017348
15587,0.718544355555423,0.515136519054431
15588,0.590020977777749,0.518898726192128
15589,0.58401351111097,0.516390587062779
15590,0.576367644444326,0.515638146133279
15591,0.572362666666595,0.514634892141112
15592,0.592569599999842,0.481527882789669
15593,0.579462399999829,0.512126760065439
15594,0.580008533333239,0.506107260009958
15595,0.580372622222058,0.501843461929093
15596,0.584741688888971,0.498833729325634
15597,0.578370133333374,0.498081297108001
15598,0.596028444444528,0.491560233531345
15599,0.507190755555348,0.451431228814181
15600,0.379941688888721,0.404782595642973
15601,0.382126222222359,0.411804878775729
15602,0.462953955555713,0.434376723385503
15603,0.651734044444311,0.393747644993709
15604,0.601853866666715,0.366662197478945
15605,0.655374933333223,0.414062048117194
15606,0.647364977777761,0.374185884372855
15607,0.665569422222325,0.414062048117194
15608,0.636442311111023,0.386725445480624
15609,0.650823822222083,0.412557268182718
15610,0.476061155555362,0.448170793828831
15611,0.4403804444446,0.434125923266402
15612,0.416714666666667,0.417322409764165
15613,0.401422933333379,0.412306471672127
15614,0.474604800000088,0.438389530935819
15615,0.364103822222387,0.398763521697401
15616,0.454943999999887,0.439894336504949
15617,0.431460266666545,0.430614725951091
15618,0.669756444444283,0.39750955096606
15619,0.608043377777722,0.361646426953666
15620,0.620786488888916,0.380957234492598
15621,0.660654222222365,0.393998438434937
15622,0.616417422222366,0.379201696372911
15623,0.831047822222172,0.510120257391827
15624,0.768060444444563,0.490556995470251
15625,0.761506844444375,0.48930294882739
15626,0.765329777777879,0.492312662512632
15627,0.761506844444375,0.499084540147669
15628,0.833960533333448,0.511625134148198
15629,0.728556799999933,0.494820761814481
15630,0.740207644444308,0.485290006539435
15631,0.733836088888711,0.494068331588278
15632,0.585651911111199,0.488550521339494
15633,0.58019057777783,0.489804567360261
15634,0.589656888888931,0.488550521339494
15635,0.617327644444595,0.495322382172526
15636,0.599305244444258,0.518647912092274
15637,0.592205511111024,0.510120257391827
15638,0.610227911110997,0.488299712259322
15639,0.614414933333319,0.488299712259322
15640,0.620422400000098,0.508615382128482
15641,0.688689066666484,0.489052139623527
15642,0.691419733333169,0.496827244242377
15643,0.698155377777584,0.505354824183087
15644,0.694696533333263,0.504853200506113
15645,0.700339911111223,0.488550521339494
15646,0.705801244444592,0.489553758073089
15647,0.694332444444444,0.487045667483471
15648,0.729467022222161,0.500338594880304
15649,0.72983111111098,0.495824002696463
15650,0.661382400000002,0.485791623744808
15651,0.66611555555537,0.488550521339494
15652,0.671212799999921,0.48880133046041
15653,0.675763911111062,0.484788389500318
15654,0.673943466666606,0.473502049986928
15655,0.67776640000011,0.471495598423644
15656,0.673397333333196,0.466228675702223
15657,0.828499200000078,0.490556995470251
15658,0.836509155555541,0.491560233531345
15659,0.859082666666654,0.494319141622327
15660,0.866000355555661,0.495071571972949
15661,0.873828266666533,0.496325623386656
15662,0.879471644444493,0.497328865263989
15663,0.884932977777862,0.501592650650855
15664,0.897494044444466,0.509618632138154
15665,0.893307022222143,0.518146284017348
15666,0.895127466666599,0.513130012397596
15667,0.813025422222199,0.488299712259322
15668,0.822309688888708,0.490306186059024
15669,0.368472888888937,0.247291359815426
15670,0.758958222222282,0.481026266994741
15671,0.794092799999998,0.486042432409158
15672,0.480430222222276,0.278387059560191
15673,0.347901866666507,0.235254485922269
15674,0.63844480000007,0.355376737127517
15675,0.5951182222223,0.291427381464746
15676,0.646636800000124,0.360141699031374
15677,0.591477333333387,0.320768515735108
15678,0.326420622222213,0.243529826461236
15679,0.463500088888759,0.272368487268977
15680,0.608043377777722,0.326536497786947
15681,0.628250311110969,0.332555285056515
15682,0.642085688888983,0.353119655135379
15683,0.665023288888915,0.388230199781537
15684,0.655921066666633,0.372430354091921
15685,0.642995911111211,0.362398791475061
15686,0.668482133333237,0.466981092113565
15687,0.667571911111008,0.471495598423644
15688,0.567993600000045,0.494319141622327
15689,0.565991111110998,0.510621882811029
15690,0.687414755555437,0.472248017448874
15691,0.88019982222213,0.551755731951198
15692,0.678858666666565,0.467482703262431
15693,0.686504533333209,0.468235120296231
15694,0.62952462222238,0.476260925221504
15695,0.573454933333414,0.496827244242377
15696,0.659197866666727,0.471746404724036
15697,0.663202844444459,0.466730286601523
15698,0.658105599999908,0.467482703262431
15699,0.65282631111113,0.467984314577188
15700,0.634075733333157,0.474505276764103
15701,0.676310044444472,0.477514961078487
15702,0.67157688888874,0.471746404724036
15703,0.655192888888996,0.475759311168804
15704,0.881110044444358,0.516139773378381
15705,0.886753422222318,0.516892214556719
15706,0.890940444444277,0.534198464720976
15707,0.882566399999996,0.507862945057423
15708,0.619694222222097,0.4790198054754
15709,0.639901155555708,0.473251243396226
15710,0.646454755555533,0.4702415675456
15711,0.655739022222042,0.472248017448874
15712,0.883294577777633,0.486293241115345
15713,0.775342222222389,0.501843461929093
15714,0.86144924444452,0.499836972862977
15715,0.863633777777795,0.501843461929093
15716,0.868002844444345,0.502345084609988
15717,0.873464177777714,0.503097518943468
15718,0.878743466666492,0.503599142039457
15719,0.727646577777705,0.506107260009958
15720,0.730195200000162,0.509117007050372
15721,0.657741511111089,0.511875947085718
15722,0.658469688888726,0.506859696209722
15723,0.661564444444593,0.496576433793962
15724,0.66283875555564,0.498582918545071
15725,0.664477155555505,0.50761213278347
15726,0.667935999999827,0.515136519054431
15727,0.667025777777599,0.511123508396486
15728,0.6677539555556,0.503599142039457
15729,0.670848711111103,0.506608884102025
15730,0.668300088889009,0.51789547004264
15731,0.668482133333237,0.525169092165015
15732,0.637352533333251,0.516139773378381
15733,0.627886222222151,0.515136519054431
15734,0.637352533333251,0.5153873325733
15735,0.623517155555601,0.5153873325733
15736,0.622606933333373,0.518397098033893
15737,0.624973511111239,0.522410127942567
15738,0.625701688888876,0.526172353127185
15739,0.633711644444338,0.522911757427937
15740,0.632073244444473,0.525921537824252
15741,0.636624355555614,0.526423168471229
15742,0.647364977777761,0.526673983856745
15743,0.651005866666674,0.526924799284461
15744,0.626975999999922,0.526673983856745
15745,0.650277688889037,0.526924799284461
15746,0.882202311111178,0.563544296884356
15747,0.884022755555634,0.554263929580338
15748,0.885297066666681,0.547240986674296
15749,0.883658666666815,0.534449281392881
15750,0.8863893333335,0.534700098106259
15751,0.886571377777727,0.537960719156399
15752,0.889848177777822,0.54347870921265
15753,0.888755911111002,0.550250815365507
15754,0.892032711111096,0.553762289722727
15755,0.805015466666737,0.487547285269829
15756,0.799918222222186,0.486042432409158
15757,0.785536711111126,0.48503919799914
15758,0.776434488888844,0.489804567360261
15759,0.87965368888872,0.488550521339494
15760,0.839057777777634,0.493817521595702
15761,0.858718577777836,0.497328865263989
15762,0.883840711111043,0.49206185281073
15763,0.696334933333128,0.525670722562791
15764,0.701796266666497,0.525670722562791
15765,0.706893511111048,0.51789547004264
15766,0.713265066666645,0.525419907343166
15767,0.714539377777692,0.52416583186714
15768,0.714357333333464,0.520152797312039
15769,0.748581688888953,0.508866194569418
15770,0.7687886222222,0.513631638812876
15771,0.760414577777919,0.527426430263222
15772,0.744758755555449,0.529182139996556
15773,0.746397155555678,0.529432955838274
15774,0.742210133333356,0.531188667894821
15775,0.752768711111276,0.529182139996556
15776,0.767878399999972,0.536957450393675
15777,0.770244977777838,0.537960719156399
15778,0.684137955555707,0.54423116395883
15779,0.73055928888898,0.51037107008051
15780,0.762235022222012,0.531188667894821
15781,0.303665066666508,0.206416530836577
15782,0.763873422222241,0.512879199252347
15783,0.762052977777785,0.506608884102025
15784,0.770609066666657,0.507110508359619
15785,0.750402133333409,0.520905240481807
15786,0.747307377777906,0.514634892141112
15787,0.745668977777677,0.498332107805982
15788,0.757319822222053,0.510621882811029
15789,0.86691057777789,0.546488530435818
15790,0.875284622222171,0.550752454061148
15791,0.734200177777893,0.502094273248804
15792,0.872007822222076,0.549999996079714
15793,0.734746311110939,0.507862945057423
15794,0.856534044444561,0.544983619077539
15795,0.855441777777742,0.54347870921265
15796,0.858354488889017,0.530937851762428
15797,0.772065422222295,0.491058614417852
15798,0.777526755555664,0.483534347627574
15799,0.785718755555717,0.489553758073089
15800,0.798461866666548,0.492814282041218
15801,0.799190044444549,0.499836972862977
15802,0.791362133333314,0.509618632138154
15803,0.793910755555407,0.524667461933132
15804,0.786264888888763,0.508113757373212
15805,0.786264888888763,0.508113757373212
15806,0.805925688888965,0.506107260009958
15807,0.815756088888884,0.512377573086269
15808,0.815938133333475,0.507110508359619
15809,0.815574044444293,0.503348330470908
15810,0.804469333333327,0.514885705577035
15811,0.824494222222347,0.497078054732629
15812,0.83632711111095,0.516390587062779
15813,0.835780977777904,0.503097518943468
15814,0.835780977777904,0.496325623386656
15815,0.840696177777863,0.498833729325634
15816,0.87637688888899,0.51588895973473
15817,0.871461688889031,0.5153873325733
15818,0.857990399999835,0.505104012323864
15819,0.857262222222198,0.509869444744254
15820,0.856169955555379,0.511374321251788
15821,0.843426844444548,0.492312662512632
15822,0.832322133333218,0.526673983856745
15823,0.843790933333366,0.518647912092274
15824,0.88074595555554,0.523664201966676
15825,0.859446755555473,0.522911757427937
15826,0.874920533333352,0.523162572232104
15827,0.885115022222089,0.523915016896353
15828,0.888209777777593,0.522410127942567
15829,0.817758577777568,0.540218076297606
15830,0.822309688888708,0.540970529424885
15831,0.878925511111083,0.551504912416567
15832,0.845611377777823,0.54347870921265
15833,0.726736355555477,0.51990198300482
15834,0.723277511111155,0.506608884102025
15835,0.722549333333154,0.519149540332728
15836,0.329333333333489,0.318762266250997
15837,0.854167466666695,0.532693565561203
15838,0.851800888888829,0.543980345668388
15839,0.834324622222266,0.530937851762428
15840,0.829591466666534,0.5414721650508
15841,0.829955555555352,0.540719711674319
15842,0.336433066666723,0.344592931260559
15843,0.69724515555572,0.459958553458273
15844,0.874738488888761,0.492814282041218
15845,0.848342044444507,0.489052139623527
15846,0.845429333333232,0.480273843614123
15847,0.838693688888816,0.479521420606761
15848,0.825222399999984,0.477514961078487
15849,0.818486755555568,0.476762539440097
15850,0.805197511110964,0.47500689040171
15851,0.768242488888791,0.478267383090133
15852,0.796823466666683,0.70802436776612
15853,0.687414755555437,0.454942474330892
15854,0.696881066666538,0.469489149515721
15855,0.702342399999907,0.460209357850545
15856,0.693240177777625,0.459707749107474
15857,0.686868622222028,0.458202923876524
15858,0.680679111111022,0.455444081496898
15859,0.682499555555478,0.453688457141107
15860,0.682863644444296,0.455694885141929
15861,0.685412266666754,0.456698100137874
15862,0.692876088888806,0.473251243396226
15863,0.699975822222041,0.474003663292751
15864,0.706711466666457,0.47475608356217
15865,0.720910933333289,0.476010118174599
15866,0.728192711111114,0.477013346611056
15867,0.786264888888763,0.719312453168459
15868,0.710352355555369,0.460209357850545
15869,0.704526933333182,0.470492373637899
15870,0.690145422222122,0.468736731859099
15871,0.713811200000055,0.475508504205209
15872,0.716723911110967,0.460710966758779
15873,0.810476800000106,0.735366763844286
15874,0.810112711110924,0.711536207551399
15875,0.818486755555568,0.729346377417823
15876,0.818850844444387,0.719312453168459
15877,0.81866880000016,0.71655313564188
15878,0.681407288889022,0.45017721452823
15879,0.709624177777732,0.470993985948007
15880,0.68231751111125,0.458202923876524
15881,0.804105244444509,0.734614214234171
15882,0.840878222222091,0.488299712259322
15883,0.680679111111022,0.452685244136956
15884,0.815027911111247,0.733861664996221
15885,0.862905599999795,0.491058614417852
15886,0.735838577777759,0.478267383090133
15887,0.74421262222204,0.479270613020344
15888,0.80374115555569,0.483032731169442
15889,0.761142755555557,0.477264153823853
15890,0.791726222222133,0.480273843614123
15891,0.796459377777865,0.482280306793109
15892,0.810658844444333,0.484035964252325
15893,0.817940622222159,0.48503919799914
15894,0.832322133333218,0.48729647635555
15895,0.799372088888777,0.731604019526276
15896,0.855441777777742,0.490306186059024
15897,0.874192355555715,0.485791623744808
15898,0.865636266666479,0.483785155919759
15899,0.870005333333393,0.49206185281073
15900,0.85198293333342,0.481277074871468
15901,0.5596195555554,0.309232617446833
15902,0.459859199999846,0.442151547658796
15903,0.492081066666651,0.453688457141107
15904,0.376118755555581,0.409798508847598
15905,0.58019057777783,0.360392486914861
15906,0.598212977777803,0.323777894937666
15907,0.489350399999967,0.313245093855221
15908,0.642631822222029,0.526423168471229
15909,0.66666168888878,0.526423168471229
15910,0.611684266666634,0.517143028365899
15911,0.603492266666581,0.518397098033893
15912,0.619330133333278,0.503599142039457
15913,0.755135288888778,0.525419907343166
15914,0.279817244444348,0.174570034965654
15915,0.383764622222225,0.272368487268977
15916,0.336797155555541,0.233248349561472
15917,0.354455466666695,0.237762160105194
15918,0.3322460444444,0.235003718732332
15919,0.345717333333232,0.246037514327327
15920,0.322051555555663,0.254814454512234
15921,0.350450488888964,0.227229956400697
15922,0.313495466666791,0.288167290476849
15923,0.328241066666669,0.237762160105194
15924,0.317318399999931,0.247291359815426
15925,0.339891911111044,0.225725361842342
15926,0.319138844444387,0.290424275798796
15927,0.313131377777609,0.276882414248394
15928,0.332610133333219,0.331050585999765
15929,0.309490488888696,0.27011152881787
15930,0.31841066666675,0.263842217409547
15931,0.31222115555538,0.262337586528156
15932,0.316226133333475,0.254062143363262
15933,0.283640177777852,0.181591252182261
15934,0.344625066666777,0.224722299632776
15935,0.339345777777635,0.220208527898649
15936,0.33279217777781,0.215444005642348
15937,0.326056533333394,0.215694769598485
15938,0.321323377777662,0.215444005642348
15939,0.315133866666656,0.213437895486277
15940,0.309126399999877,0.210679498354148
15941,0.856534044444561,0.537459084692091
15942,0.847977955555689,0.519400354515165
15943,0.839057777777634,0.518647912092274
15944,0.853439288888694,0.520152797312039
15945,0.862359466666749,0.521156054954918
15946,0.764601599999878,0.505856448026316
15947,0.788813511111221,0.508866194569418
15948,0.825950577777621,0.727841284547321
15949,0.824312177777756,0.730600622618658
15950,0.8224917333333,0.730349773495618
15951,0.8224917333333,0.732858266594849
15952,0.820853333333434,0.732105718229286
15953,0.822127644444481,0.734363364446472
15954,0.823766044444346,0.735366763844286
15955,0.8224917333333,0.736119313828749
15956,0.824676266666575,0.736871864186833
15957,0.825768533333394,0.736119313828749
15958,0.825404444444575,0.733610815333668
15959,0.827042844444441,0.733610815333668
15960,0.827042844444441,0.735115913932532
15961,0.826678755555622,0.736871864186833
15962,0.826132622222212,0.73837696602277
15963,0.261430755555557,0.43813873015315
15964,0.346991644444279,0.390236541172271
15965,0.81193315555538,0.476260925221504
15966,0.762963200000013,0.481778690749343
15967,0.817030399999931,0.713292130494665
15968,0.777890844444482,0.703007467898715
15969,0.583467377777924,0.35161493567357
15970,0.341530311111273,0.367163775443623
15971,0.322961777777891,0.29569058794732
15972,0.125753031111162,0.299903650832857
15973,0.165347697777906,0.303815791136003
15974,0.359297848889037,0.379201696372911
15975,0.605385528889019,0.442678230744787
15976,0.0858488888887223,0.328417366242502
15977,0.352946682311085,0.358592884139944
15978,0.880527502222321,0.476210763808922
15979,0.759245852444292,0.471668654766836
15980,0.896019484444332,0.795597029072815
15981,0.814572799999951,0.635632111252198
15982,0.127263999999923,0.298724995156226
15983,0.774286364444561,0.708049452307023
15984,0.909873066666478,0.825499823932478
15985,0.370912284444421,0.279590776885016
15986,0.375099306666743,0.36335178707086
15987,0.777417528889055,0.668692317928435
15988,0.313786737777627,0.528605263716599
15989,0.258172159999958,0.725658902538271
15990,0.193692017777721,0.332680676712334
15991,0.512815928888813,0.48900197778712
15992,0.730923377777799,0.613308100225913
15993,0.366525013333376,0.612129200916388
15994,0.740146191701206,0.470804005282116
15995,0.746888675555601,0.493165415809926
15996,0.652753493333148,0.423818074249357
15997,0.650449167473926,0.455082161877726
15998,0.631077262904728,0.515224534529625
15999,0.845316868096052,0.529000461567193
16000,0.494848142222327,0.411228047149052
16001,0.89188492014946,0.555668878229699
16002,0.33495850666659,0.632722446242406
16003,0.821763555555663,0.626526885040221
16004,0.601180458780436,0.503183436935797
16005,0.598886542222317,0.497479351603397
16006,0.567180407466731,0.290290576910047
16007,0.481722737777818,0.478217221610976
16008,0.556160711111079,0.512803955316849
16009,0.620622648888821,0.503799791324491
16010,0.751676444444456,0.492345016967374
16011,0.860655530666554,0.571151732232101
16012,0.827689102222212,0.515816223785805
16013,0.914151111111278,0.511625134148198
16014,0.847340799999802,0.522159313261727
16015,0.854107392000151,0.566589273019417
16016,0.453633279999849,0.434276403332842
16017,0.597055488227488,0.504891113217673
16018,0.602163342222047,0.493165415809926
16019,0.801083306666624,0.564999062314746
16020,0.262541226666508,0.461312897667813
16021,0.753606115555522,0.497203459993761
16022,0.343915093333271,0.361821978641819
16023,0.64610887111121,0.501793299669953
16024,0.647575588636391,0.488768665078169
16025,0.703825588906693,0.464940539672534
16026,0.264079494940233,0.443749133519668
16027,0.578825588508334,0.433202259388054
16028,0.7734544959716,0.452928821685055
16029,0.748552152177581,0.492674914563395
16030,0.772966214542248,0.495311632446101
16031,0.883903713052496,0.47441319556674
16032,0.903825588451582,0.825292102836102
16033,0.599341653333249,0.497178378940589
16034,0.711833401799231,0.413378040181124
16035,0.579606839523694,0.42871007033682
16036,0.766716213702966,0.482323352981257
16037,0.709880276081822,0.453612413572409
16038,0.758958222222282,0.502370165748289
16039,0.894792386559857,0.517333117671296
16040,0.596447146666469,0.505956772814534
16041,0.301182002289715,0.437563205212791
16042,0.60762699844272,0.364582905286443
16043,0.569543120440721,0.435914369791863
16044,0.510267306666719,0.469915519686401
16045,0.603237404444371,0.618174204950992
16046,0.569449955555683,0.470943824709684
16047,0.149727055644325,0.397171746475942
16048,0.711244373333466,0.467156655996951
16049,0.868676408888859,0.483057811987965
16050,0.860520817777797,0.48122691329263
16051,0.783807288888784,0.514986030962973
16052,0.767987626666581,0.471445437168586
16053,0.768916053333305,0.472774710988597
16054,0.746397155555678,0.462993289386941
16055,0.716325588764448,0.478905384579411
16056,0.694751146666749,0.464247314271051
16057,0.730686720000085,0.515487657992344
16058,0.59992419555565,0.494795680800598
16059,0.34937642666664,0.3981866950322
16060,0.888927032888751,0.568159419610311
16061,0.70106808888886,0.422112646130699
16062,0.777945457777605,0.477690526180959
16063,0.276285582222044,0.462090392112441
16064,0.546093653333446,0.599035955309955
16065,0.287972835555411,0.367740590308676
16066,0.345149354666501,0.505733550168952
